0.75,2.6,1360,150,11.8817234886803,1045.5,166,1056.25,113,1692,1267.5,13.599999904633,48.875000953674,0.757753825129361
0.791666666666667,2,1292.25,112,9.3971648895816,954.75,103,1173.75,92,1558.75,972.25,13.299999952316,47.699999809265,0.725487449242467
0.833333333333333,2.2,1402,88,8.9978168713268,939.25,131,1140,114,1554.5,1074,11.900000095367,53.97500038147,0.750239067398195
0.875,2.2,1375.5,80,9.22879642140727,948.25,172,1092,122,1583.75,1203.25,11,60,0.786712533085925
0.916666666666667,1.6,1272.25,51,6.51822366907414,835.5,131,1205,116,1490,1110,11.150000095367,59.575000762939,0.788794231866759
0.958333333333333,1.2,1197,38,4.74101236247875,750.25,89,1336.5,96,1393,949.25,11.175000190735,59.175000190735,0.784771664339745
0,1.2,1185,31,3.62439918979752,689.5,62,1461.75,77,1332.75,732.5,11.324999809265,56.77499961853,0.760311939284329
0.0416666666666667,1,1136.25,31,3.3266769916608,672,62,1453.25,76,1332.75,729.5,10.674999952316,60,0.770238457823045
0.0833333333333333,0.9,1094,24,2.33941619508671,608.5,45,1579,60,1276,619.5,10.650000095367,59.674999237061,0.76481872568612
0.208333333333333,0.7,1066,8,1.13343057118786,512,16,1918,28,1182,421.75,10.999999761581,56.175000190735,0.73655960018064
0.25,0.7,1051.75,16,1.60376787972881,553.25,34,1738.25,48,1221.25,471.5,10.450000047684,58.125,0.735295083024728
0.291666666666667,1.1,1144,29,3.24361814731007,667,98,1489.75,82,1339,729.75,10.200000047684,59.599999427795,0.741736162856327
0.333333333333333,2,1333.25,64,8.01377298709061,899.75,174,1136,112,1517,1101.5,10.75,57.425000190735,0.740794575739977
0.375,2.2,1351,87,9.54064292532022,960.25,129,1079,101,1582.75,1027.75,10.5,60.599998474121,0.769110792757908
0.416666666666667,1.7,1233.25,77,6.33578243722282,827.25,112,1218,98,1445.75,859.75,10.799999952316,58.35000038147,0.75518308265229
0.458333333333333,1.5,1178.75,43,4.97158376146257,762,95,1327.5,92,1361.75,670.5,10.499999761581,57.925000190735,0.735160779631515
0.5,1.6,1236,61,5.21691899988497,774.25,104,1301.25,95,1401.25,664,9.5249998569489,66.774998664856,0.795053788514204
0.541666666666667,1.9,1285.5,63,7.26993335753569,868.5,146,1162.25,112,1536.75,799,8.299999833107,76.425001144409,0.839268067750277
0.583333333333333,2.9,1371,164,11.5390072135637,1033.5,207,983.25,128,1730.25,1036.5,8,81.14999961853,0.873588533618542
0.625,2.2,1310,79,8.82622272645721,932.5,184,1081.75,126,1646.5,946.25,8.325000166893,79.799999237061,0.877784445098045
0.666666666666667,2.2,1291.75,95,8.30141341676182,911.5,193,1102.5,131,1590.75,956.75,9.7000000476837,71.150001525879,0.856938127943632
0.708333333333333,2.9,1383,150,11.1515812161294,1019.75,243,1008,135,1718.75,1104,9.7750000953674,67.624998092651,0.818501207475343
0.75,4.8,1580.75,307,20.7992168614605,1318.5,281,798.5,151,2083,1408.5,10.349999904633,64.174999237061,0.806543633173666
0.791666666666667,6.9,1775.5,461,27.3598074935868,1487.75,383,702.25,172,2332.5,1704,9.6500000953674,69.300001144409,0.831921144410088
0.833333333333333,6.1,1640,401,24.0177569359492,1404,351,742.75,165,2191.25,1653.75,9.6499998569489,67.75,0.813313935362591
0.875,3.9,1312.75,197,12.7793682487582,1076.25,240,957.25,136,1706.5,1284.75,9.125,63.974999427795,0.741924224489251
0.916666666666667,1.5,964.5,61,4.70707191924475,748.5,94,1325.25,85,1332.5,821,8.1750001907349,63.39999961853,0.69048444664144
0.958333333333333,1,912.75,26,2.64572150961059,629.25,47,1564.5,53,1252.25,551.75,8.2499998807907,60.824998855591,0.66574436040631
0,1.7,1080.25,55,5.85480151426304,805,122,1253.5,97,1375,815.5,8.3250002861023,58.525000572205,0.643763609633057
0.0416666666666667,1.9,1043.75,53,6.37429750967153,829,133,1247.25,110,1378.25,831.5,7.7250001430511,59.674999237061,0.630766060273864
0.0833333333333333,1.4,987.75,40,4.13234179510347,718,82,1395.5,91,1303.5,691.5,7.125,61.799999237061,0.62759736878688
0.208333333333333,0.6,847.25,7,1.02241459897595,501.25,30,1894.5,44,1154.75,394,6.2749999761581,64.97500038147,0.6232823211023
0.25,0.8,927,17,1.83043122583498,571.25,56,1684.75,71,1222.75,486.5,6.75,62.949999809265,0.623427539214452
0.291666666666667,1.4,1090.5,33,4.3593409968645,730.25,109,1387,104,1360.75,748.25,6.4499999284744,65.075001716614,0.631628114438954
0.333333333333333,4.4,1587,202,17.8655867048338,1235.5,307,896.5,141,1900.25,1400.25,7.3250000476837,63.14999961853,0.649933139307388
0.416666666666667,3.1,1350.25,208,14.0270113667516,1117.5,187,912,122,1711.75,1237,13.224999904633,41.749999046326,0.631950130993723
0.458333333333333,2.7,1262.75,166,11.6456465597041,1037.25,216,969,143,1598.25,1166.5,14.325000047684,38.449999809265,0.62430429421539
0.5,2.1,1206.25,114,10.2246621439528,986,143,1034.5,113,1537,959,15.025000095367,36.5,0.619532322605736
0.541666666666667,2.5,1251.5,140,11.0399360393008,1015.75,160,1007.5,116,1592.75,983,16.100000143051,34.474999427795,0.62616474015668
0.583333333333333,2.7,1287,169,12.8164461964156,1077.5,163,948.75,123,1660.25,1060.75,16.275000572205,35.72500038147,0.656030611962757
0.625,2.9,1352.75,185,14.1738511779101,1122.25,190,921.75,126,1740,1139.25,15.825000047684,37.02499961853,0.660961139503487
0.666666666666667,2.8,1309,165,12.6905681033727,1073.25,178,954,120,1657.25,1112.25,15.874999761581,37.175000190735,0.6657285250912
0.708333333333333,2.4,1274,133,11.7384054162647,1040.5,150,1005.75,119,1609.75,993.75,16.875000238419,34.349999427795,0.654908514327072
0.75,3.9,1509.5,233,19.290974886273,1276.5,206,812.25,149,1909.75,1409.5,15.149999856949,39.550000190735,0.676626507808505
0.791666666666667,3.7,1525.25,242,18.2261782916974,1246,202,821,145,1846.75,1447.75,14.399999856949,43.425000190735,0.708449759817737
0.833333333333333,6.6,1843,488,32.5562783470705,1609.75,340,624,170,2390.25,1886.5,12.875,50.525000572205,0.747803218850897
0.875,4.4,1597.75,333,20.0929435644942,1299,274,752,149,1940.5,1626.75,12.149999856949,53.349999427795,0.75362022278253
0.916666666666667,3.5,1483.5,215,14.3213424226295,1127,253,839,139,1723,1491,10.975000143051,59.125000953674,0.773980003386285
0.958333333333333,5.4,1677.25,367,21.8128650694319,1346,300,740.5,134,2062,1657,9.6749999523163,64.624999046326,0.777073942547362
0,2.7,1279.5,122,9.63899981451842,964,193,962.5,113,1543.5,1285.25,9.4500002861023,64.125,0.759746528235943
0.0416666666666667,1.9,1196.25,67,7.3751394675463,873,139,1071.25,97,1463.25,1144.25,9.1499998569489,63.900001525879,0.742276412922536
0.0833333333333333,1.6,1183.75,43,5.36960416968744,781.75,83,1176.25,82,1364.5,1042.75,8.7999999523163,63.924998283386,0.725615371264939
0.208333333333333,1,978.25,30,2.57793219937785,624.75,62,1420.25,65,1274.25,819.25,8.2999999523163,63.574999809265,0.698154620475691
0.25,1.2,1099.5,27,2.90854800942283,646.25,53,1406.25,60,1267.5,835,7.2000000476837,67.47500038147,0.688672147083888
0.291666666666667,1.5,1112.25,47,5.13625582872442,770.25,139,1228,77,1408.5,939.75,6.3499999046326,71.89999961853,0.693198558734372
0.333333333333333,2.7,1335.5,132,11.8171386009924,1043.25,256,935.25,96,1678,1191.75,6.450000166893,71.550001144409,0.694475479717601
0.375,3.7,1408.3333333333,239,15.1401611984076,1153,295,830.33333333333,119,1776.6666666667,1411,9.5666666030884,59.666667938232,0.712366561199275
0.416666666666667,3.2,1447,160,12.9130630959072,1080.75,250,868.5,126,1666.75,1465,12.375,51.175000190735,0.733458385064077
0.458333333333333,4.1,1541.5,283,16.133508844949,1183.75,296,808.25,158,1779.75,1582.5,15.649999856949,42.199999809265,0.745093757777433
0.5,3.6,1451.25,210,14.019301019815,1117.25,239,875.25,161,1679.25,1387.25,18.400000095367,33.824999809265,0.708963570176462
0.541666666666667,2.8,1328.25,154,12.2796640772005,1059.25,153,986.5,124,1599.5,1100.5,19.35000038147,31.275000095367,0.69500810475274
0.583333333333333,2,1206.5,112,8.61841257653228,924.25,118,1087.75,102,1488.25,849.75,18.02499961853,34.800000190735,0.712673874194492
0.625,2,1239.5,108,9.19656674023842,947,119,1049,116,1531.75,947,18.375,33.64999961853,0.704207020809635
0.666666666666667,2.5,1306,111,10.2448870843445,986.75,138,1004,124,1554,1078,17.625,35.10000038147,0.701203250936439
0.708333333333333,2.3,1326,97,10.6118444604737,1000.25,148,975.5,125,1601.5,1083.75,16.675000190735,37.799999237061,0.711736403843591
0.75,3.2,1472.75,191,15.4522099649153,1162.75,227,830.5,148,1779,1394.75,16.099999904633,41.02499961853,0.74513149435854
0.791666666666667,4.2,1609,258,19.6367846639173,1286.25,277,757.5,165,1922,1611.5,15.825000047684,42.400000572205,0.756914327667609
0.833333333333333,4.2,1610.75,284,19.2027279161836,1274,279,754.25,161,1915,1697.25,15.650000095367,44.10000038147,0.778640655070786
0.875,4.2,1620.5,269,18.2693103571497,1247.25,283,762,159,1860,1885.5,15.325000047684,46.775000572205,0.809124428576824
0.916666666666667,3.1,1444.25,180,13.1447043018938,1088.5,214,844,143,1747.5,1623.75,14.649999856949,48.625,0.80596941410723
0.958333333333333,2.6,1418,116,10.8733671544159,1009.75,172,892,130,1603,1536.25,14.700000286102,49.275000572205,0.819336124419836
0,2.9,1533.5,93,10.9634579591418,1013,190,888.5,129,1610.75,1534.75,13.949999809265,53.60000038147,0.849771720433188
0.0416666666666667,2.8,1483.5,131,11.8601785184833,1044.75,174,879.75,119,1624.25,1529.75,14.649999856949,51.5,0.853623132679122
0.0833333333333333,2.5,1366.75,92,8.62467882305587,924.5,128,952.5,104,1543,1337,12.549999952316,58.900000572205,0.85374007387939
0.208333333333333,1.2,1062,32,3.65042314632487,691,53,1271.5,70,1376.75,929,11.475000143051,63.10000038147,0.853275383438132
0.25,1,1075.75,29,2.48134193464027,618.25,44,1395.25,63,1333,872.25,11.599999904633,62.150000572205,0.847263625910026
0.291666666666667,0.9,1028.25,27,2.42998440227742,614.75,74,1383.5,67,1340,853,10.399999856949,67.649998664856,0.852998730292664
0.333333333333333,1.4,1154.5,36,4.21051013605492,722.25,101,1224.75,84,1413.75,959.25,11.574999809265,62.674999237061,0.853038223008775
0.375,1.6,1235.25,57,6.35227671107466,828,118,1055.25,83,1527,1093.25,12.424999952316,60,0.862715127329646
0.416666666666667,2.2,1331.5,129,8.58711047460812,923,144,951.75,98,1613.75,1225,14.525000095367,53.074999809265,0.872781622355281
0.458333333333333,2.8,1444.75,148,10.859535166937,1009.25,176,878.25,114,1696,1355.25,16.875000476837,46.099999427795,0.878931094266637
0.5,2.8,1415.5,145,10.659815662689,1002,161,906.75,119,1676.5,1261.5,19.300000190735,38.25,0.847404802141443
0.541666666666667,2,1281.25,93,7.5400724561671,880,113,1083.75,104,1525,980,21.174999713898,31.449999809265,0.781195716500223
0.583333333333333,1.8,1207.25,84,7.50459879503786,878.5,103,1103.5,102,1489.5,872.25,21.424999713898,30.199999809265,0.761591876762662
0.625,1.9,1257.75,99,8.16011292462577,905.75,112,1081.25,107,1511,900.25,21.925000190735,28.950000286102,0.752458954569446
0.666666666666667,3,1457.75,150,11.8673583229011,1045,170,973.75,129,1646,1098.5,22.224999904633,28.39999961853,0.75162732411887
0.708333333333333,2.9,1437.75,156,12.0330047450844,1050.75,180,942.5,128,1667.5,1206.25,21.299999713898,30.75,0.769615491914451
0.75,2.5,1477.75,122,12.1633233067485,1055.25,160,929.25,121,1670.75,1262.25,19.650000095367,36.699999809265,0.830706131849699
0.791666666666667,4.6,1807.5,262,20.5717148773256,1312.25,261,753.25,157,1992.75,1697.75,18.374999523163,41.72500038147,0.873195770557749
0.833333333333333,5.9,1898,341,23.1421258052954,1381.25,325,680.5,173,2102.75,1904.75,17.625,46.099999427795,0.920953536057598
0.875,3.4,1559.5,214,14.720453409836,1139.75,217,783.75,146,1817.5,1648,16.650000095367,49.575000762939,0.931990047324965
0.916666666666667,2.1,1324.25,100,9.0041992473233,939.5,146,923.5,121,1587,1422.75,16.25,50.950000762939,0.934147213162256
0.958333333333333,2.2,1348.75,79,8.83888507899354,933,152,933,119,1616.5,1348.75,14.725000143051,55.925000190735,0.931385622492128
0,1.8,1238.75,66,7.35756037487877,872.25,104,985,99,1546.5,1250.25,14.825000047684,54.675001144409,0.916354325468305
0.0416666666666667,1.8,1239,73,6.91820721621939,853.25,106,1010.25,93,1543.25,1173.75,14.049999952316,57,0.909448936766347
0.0833333333333333,1.8,1223.75,66,6.95819119577501,855,108,998.25,88,1565.75,1148.75,13.350000143051,61.349999427795,0.936085703142246
0.208333333333333,1,1074.5,39,3.86591433757495,703.25,88,1155.75,74,1463.75,1010,11.899999856949,67.449998855591,0.937538176934132
0.25,1.4,1156.75,51,6.38532009007916,829.5,138,1029.5,80,1584,1083,11.375,70.52499961853,0.94751622433819
0.291666666666667,2.2,1314,107,9.68504680651757,965.75,228,896.75,89,1710.25,1234.75,11.324999809265,70.200000762939,0.940095096018487
0.333333333333333,5.5,1796.75,336,25.8704576609989,1451,360,652,114,2323,1679.5,12.400000095367,63.875000953674,0.916954694148268
0.375,8.1,1961.25,618,36.6920625306725,1701,478,536.75,149,2665.25,2184.25,14.774999856949,54.324999809265,0.907609536041862
0.416666666666667,5.8,1770.5,438,26.6360247644022,1470,394,621.5,157,2261.5,1973,17.400000095367,45.64999961853,0.899298170646737
0.458333333333333,4.2,1563.5,334,20.1109230934355,1299.5,319,709.75,155,2029,1798.25,19.800000190735,38.525000572205,0.880059991386787
0.5,3.1,1430,221,14.0964857998777,1119.75,201,830.5,134,1783.25,1522,22.025000095367,34.050000190735,0.890368518812603
0.541666666666667,2.9,1417.25,207,14.9257192296359,1146.25,171,829.5,119,1830.5,1404,23.324999809265,32.174999237061,0.909599219567394
0.583333333333333,2.9,1400.25,191,15.4361414715479,1162.25,159,838.25,111,1828.5,1263.25,23.875,29.97500038147,0.875658528812498
0.625,2.5,1317.25,185,12.0908502187765,1052.75,153,926,104,1706.75,1137,24.449999809265,28.900000095367,0.873591912397843
0.666666666666667,2.3,1317.75,141,11.524820242424,1033,143,949.75,99,1675,1068,24.375,29.39999961853,0.884761711720098
0.708333333333333,2.8,1445.25,214,14.7598334717014,1141,156,856.5,110,1823.5,1251.5,23.849999904633,31.325000762939,0.913735211108514
0.75,6.1,1917,471,32.148843679454,1600.5,314,631.25,162,2447,1843.25,22.549999237061,35.375000953674,0.954699820747348
0.791666666666667,8,2039.75,685,39.2023396793109,1754.25,404,542.25,187,2679,2122.25,20.425000667572,42.5,1.00863133410742
0.833333333333333,6.5,1894.75,538,30.9613050604526,1573.25,320,565,165,2442.75,1991.5,18.275000095367,52.625000953674,1.09451809331328
0.875,4.2,1594.5,319,19.8956214632544,1293.5,256,678.25,145,2057.5,1707,16.650000095367,57.375,1.07862689142397
0.916666666666667,3.2,1438.5,224,15.3158550496017,1158.5,193,764.25,125,1856.25,1494.25,15.699999809265,60.150000572205,1.06537155496259
0.958333333333333,1.4,1141.5,67,6.89540334724039,852.25,89,1008.25,101,1547.25,1164.25,15.250000238419,61.449998855591,1.05795549907789
0,2.1,1303.6666666667,155,11.1399291687717,1019.3333333333,127,852.33333333333,103,1731.3333333333,1271.6666666667,14.066666603088,65.699999491374,1.04937240309704
0.0416666666666667,1.2,1074.25,49,5.40550061636386,783.5,79,1097.75,88,1483,1039.75,14.825000047684,60.550001144409,1.01481946583304
0.0833333333333333,0.8,968,29,2.81068803712354,640,43,1319.5,61,1385.75,866.75,14.75,59.224999427795,0.98790811078165
0.208333333333333,0.6,937,17,2.00874263451747,584.75,38,1411.5,52,1348,792.5,12.75,63.22500038147,0.928289804021358
0.25,0.9,1017,27,3.48268932511739,681.25,82,1245.75,64,1417.5,869.5,11.174999952316,68.47500038147,0.908107123101593
0.291666666666667,1.3,1171.25,50,5.13123218069203,770,99,1161.75,70,1466.75,930,10.975000143051,66.5,0.870522949598188
0.333333333333333,3.4,1541,218,16.1744570491836,1185,263,770,97,1888.75,1406.5,11.674999952316,63.650000572205,0.871936587706563
0.375,3.7,1539.25,285,19.6634938563942,1287,229,697.5,95,2054.75,1507,13.625,56.299999237061,0.87426504717691
0.416666666666667,5.3,1734.75,437,25.0551503033635,1430.5,396,628.25,150,2211,1843.25,17.824999332428,42.875,0.867225463172316
0.458333333333333,4.1,1571,327,20.0031487828612,1296.5,314,730,162,1972.75,1729,21.449999809265,33.324999332428,0.84167129582407
0.5,3.3,1451.75,283,18.3470575765895,1249.5,217,775.5,154,1868.25,1583.25,24.375,27.35000038147,0.823069165545269
0.541666666666667,4,1579,366,22.30858297567,1359.25,252,724,161,1997.75,1670.75,25.250000476837,26.075000286102,0.826380755245821
0.583333333333333,3.8,1466.25,318,20.4447799792646,1308.75,263,772.5,161,1897,1491.25,25.825000286102,23.150000095367,0.75893696308813
0.625,2.8,1279.75,228,14.6104279603631,1136.25,180,892.75,128,1675.25,1239.75,27,20.200000286102,0.709361513029415
0.666666666666667,2.9,1407,201,16.5532543441309,1196.5,184,905.25,129,1758.75,1313,28.249999523163,18.574999809265,0.701385738833639
0.708333333333333,2.9,1388.75,199,15.7831830968185,1173,190,898.25,133,1739,1363.25,27.974999904633,19.10000038147,0.709825085363188
0.75,3.4,1447.25,237,17.839947776419,1234.75,184,858.75,139,1778,1295.75,23.900000095367,25.699999809265,0.751891040812467
0.791666666666667,3.9,1551,261,19.0970593371571,1271,181,800.25,137,1874.5,1432.25,21.349999904633,34.77499961853,0.872993133385565
0.833333333333333,3.2,1473.5,230,15.766968720541,1172.5,166,854.25,143,1776,1431.75,20.425000190735,36.675000190735,0.870389489318189
0.875,5.1,1799.5,349,24.8776718706072,1426,317,700,177,2105.5,2033.5,19.025000095367,41.349999427795,0.9007307308827
0.916666666666667,2.6,1379.25,183,13.5296047306945,1101.25,184,817.5,138,1710,1601.75,17.925000190735,45.900000572205,0.934186045021659
0.958333333333333,1.7,1200.5,88,9.08734562656723,942.75,130,935,117,1559.75,1361.75,16.700000286102,48.925000190735,0.922649925527229
0,1.7,1204.75,85,8.63094701114028,924.75,132,922,107,1546.5,1314.25,15.524999856949,52.925000190735,0.927128229788003
0.0416666666666667,1.2,1071.5,47,5.41577546769362,784,95,1065.5,90,1441.75,1113.75,15.475000143051,51.875,0.905875280404742
0.0833333333333333,0.9,997.75,34,4.05025697922261,713.5,70,1169.25,79,1383.25,991.5,14.125,55.575000762939,0.890955805621134
0.208333333333333,0.5,868.75,11,1.60682825754362,553.5,28,1459.5,40,1267.75,667,11.824999809265,58.025000572205,0.802631932115946
0.25,0.5,890.75,18,1.89564821439389,576.25,46,1416.5,53,1289.25,733,11.900000095367,57.39999961853,0.797845704087235
0.291666666666667,1.6,1172.75,84,7.48688871524111,877.75,160,1038,84,1556.25,1051.75,9.9000000953674,65.199999809265,0.795645557063286
0.333333333333333,4.1,1587.25,260,21.3587914677704,1333.75,320,702.25,108,1998.75,1533.5,11.125,60.200000762939,0.795775686798181
0.375,6.6,1851.5,534,36.4484129678467,1695.75,377,552.75,127,2535.25,1931,14.124999761581,50.024998664856,0.801980417428491
0.416666666666667,4.3,1521.5,368,21.2666240959474,1331.25,280,702.5,134,2025.75,1733.75,17.699999809265,40.099999427795,0.804829145343837
0.458333333333333,2.9,1438.25,200,15.3879787633903,1160.75,221,818.5,135,1781.5,1595,21.10000038147,33.425000190735,0.826486216136783
0.5,2.5,1393.25,145,12.4990742249497,1066.75,210,905,142,1654.25,1489.75,24.300000190735,28.275000572205,0.847127690473709
0.541666666666667,2.8,1452,188,15.1083097464741,1152,204,860.5,153,1747,1507.5,25.575000286102,25.550000190735,0.825394882927794
0.583333333333333,2.6,1389.25,152,13.7352900540719,1108,161,886.5,123,1711.5,1334,25.85000038147,25.900000095367,0.85033934257859
0.625,2,1207,103,10.4344740653145,993.75,135,1013,104,1519.5,1044.75,26.824999809265,18.699999809265,0.650017745071002
0.666666666666667,2.9,1365.25,193,15.1640685521067,1153.75,186,939.5,129,1678.5,1221.25,29.275000095367,15.750000238419,0.630890454462326
0.708333333333333,2.5,1247,134,12.3088230185015,1060.25,147,1032,114,1524.75,1068.5,28.5,14.900000095367,0.570801909228313
0.75,5,1556.75,386,26.9510250138981,1477.75,299,793,158,1980.5,1568.5,25.85000038147,15.950000286102,0.523664583300076
0.791666666666667,7.6,1972.5,577,38.3932461107534,1737.25,411,616.75,194,2413.75,2305.5,23.125,26.5,0.740260610410356
0.833333333333333,6.7,1974.75,523,35.1036312781365,1666.5,347,596.75,182,2415.5,2358.5,20.52499961853,38.249999046326,0.913314176820952
0.875,5.7,1794.75,472,27.2471308265559,1485,336,652.5,180,2174,2050,19.050000190735,42.60000038147,0.929387703869648
0.916666666666667,2.8,1443.75,206,15.0446926576102,1150,202,769.5,136,1726.5,1726.5,17.150000095367,44.125000953674,0.855830709685321
0.958333333333333,2.6,1488,216,15.7102743679626,1170.75,178,731,127,1777.5,1705,16.025000095367,50.924999237061,0.920598757969973
0,2.3,1371.25,159,12.9726733462054,1082.75,154,795.75,116,1668.75,1550.5,14.799999952316,53.924999237061,0.902354487489932
0.0416666666666667,1.4,1160.75,70,8.12342211987772,904.25,92,946.75,107,1502,1240.25,14.274999856949,55.449999809265,0.897473060910826
0.0833333333333333,1,1064.25,44,5.47759915934829,787,61,1056.75,88,1407,1115,14.75,52.074999809265,0.868641877206703
0.208333333333333,0.6,930.5,20,2.54804469276258,622.75,37,1293.25,57,1306.5,827.75,12,58.85000038147,0.823302451906193
0.25,0.7,938,26,2.97192629266624,650.25,68,1251.25,71,1332.5,893,10.949999809265,62.074999809265,0.81127656280627
0.291666666666667,1.5,1166.25,78,7.66479138748536,885.25,139,1005.25,85,1550.5,1075,10.575000047684,63.25,0.806681845770918
0.333333333333333,4.7,1643,319,23.2567995593824,1384.25,339,667,124,2093.75,1610.25,11.475000143051,60.025000572205,0.811693424239075
0.375,6.6,1934,506,35.7905707138567,1681.5,421,540.5,151,2468.25,2050.5,14.275000333786,50.575000762939,0.818569923755215
0.666666666666667,2.3,1075.5,451,11.5532016248775,1034,150,964.25,101,1544.25,812.5,21.324999809265,24.175000190735,0.605972240280958
0.708333333333333,2.6,1151.75,185,12.352616700066,1061.75,138,928,103,1606.25,849.5,20.22500038147,28.5,0.668178382405952
0.75,3.8,1406.75,426,18.3384120462627,1249.25,213,720,129,1931.75,1275.75,16.974999904633,43.075000762939,0.826398721223871
0.791666666666667,4.4,1437.5,672,21.027784709338,1324.75,232,677.5,143,1992.5,1400.75,15.599999904633,47.424999237061,0.834715253094747
0.833333333333333,4.5,1424.5,624,21.0461161310197,1325.25,238,678,146,1965,1355.75,15.275000095367,47.425000190735,0.817783435248176
0.875,3.3,1278.5,325,14.4538596456034,1131.25,180,775.25,124,1758.25,1243,14.524999856949,49.724999427795,0.817693173275101
0.916666666666667,2,1131.75,143,8.4189190812524,916.25,128,920,113,1560.5,1082.5,13.924999952316,52,0.823093236452883
0.958333333333333,1.1,1006.25,89,4.33126741413739,728.75,65,1141.75,80,1369.5,795,14.474999666214,49.449999809265,0.810594571712721
0,0.9,982.25,73,3.79938837164783,699.5,53,1204.25,72,1358.75,735,13.799999952316,51.39999961853,0.807138412929228
0.0416666666666667,0.8,968.5,48,2.7449604638164,635.75,47,1271,64,1309.25,684,14.000000238419,51.324999809265,0.816299780768263
0.0833333333333333,0.7,940.5,47,2.52572664299379,621.25,51,1298.25,70,1329.75,714.25,12.950000047684,56.774998664856,0.844361518209639
0.208333333333333,0.3,833.75,19,0.632452934470409,458.75,13,1908,22,1211.5,361.25,8.8250002861023,80.450000762939,0.914700671115632
0.25,0.5,908.5,26,1.76937893546041,566.5,33,1542,47,1286.5,417.75,9.5750000476837,75.375,0.900402824847413
0.291666666666667,1.1,1061,60,4.62988452950906,744.5,103,1178.25,88,1428.5,616.25,9.7999999523163,74.999998092651,0.909254703700678
0.333333333333333,3,1440.75,248,14.2203570311681,1123.75,224,851,130,1829,1088.5,10,74.224998474121,0.911733618753916
0.375,3.8,1498.25,535,21.0186215523967,1324.5,244,684.25,132,2095,1328.75,11.150000095367,69.724998474121,0.923183817187953
0.416666666666667,3.4,1342.75,340,16.1826519998297,1185.25,237,760,132,1856.5,1310.5,12,62.924999237061,0.880311059001791
0.458333333333333,3,1308,325,15.5407140413692,1165.5,220,791.75,131,1794,1236,12.775000333786,55.824999809265,0.820958069297127
0.5,2.7,1209,267,13.4083419685291,1097.25,207,836.5,129,1746,1147.25,13.125,54.75,0.823433468722959
0.541666666666667,3.5,1310.25,325,16.8856773724946,1206.5,208,770.25,132,1846.75,1301,13.75,53.350001335144,0.83509171766749
0.583333333333333,2.8,1170.75,268,12.42575346935,1064.25,160,880.5,110,1639,1096.5,16.025000095367,42.449999809265,0.76739160894861
0.625,1.9,1112,136,10.0634765276385,980,131,923.75,99,1588.5,900.25,14.099999904633,49.800000190735,0.797104156439797
0.666666666666667,2,1132,118,8.68744803988153,927,128,944.25,100,1570.25,780.5,11.974999904633,61.125000953674,0.853749612651404
0.708333333333333,3,1225,276,13.8347952632246,1111.25,176,817.75,122,1718.75,1013.25,13.599999904633,54.599999427795,0.846513710714567
0.75,1.9,1064.5,151,9.3452210104086,952.75,107,961.75,97,1513.75,789.75,13.650000095367,49.475001335144,0.76950915098719
0.791666666666667,2.7,1236.25,236,13.0099891749196,1084,131,853.5,112,1687.75,1059,11.674999952316,57.099999427795,0.782208612907064
0.833333333333333,3.3,1308.5,220,14.298011063375,1126.25,166,812,128,1721.5,1204.75,11.474999904633,58.174999237061,0.786676604013147
0.875,1.7,1089,87,7.63501730072907,884,89,1006,101,1486.5,974.5,12.600000143051,54.200000762939,0.788145666628976
0.916666666666667,1.3,999.66666666667,81,5.25237752206223,776,81,1141.3333333333,96,1374.6666666667,896,11.966666857402,54.900000254313,0.766390658938369
0.958333333333333,1.3,1041.25,74,5.36960416968744,781.75,78,1105.25,86,1424.5,911,11.000000238419,61.449999809265,0.805724762629115
0,1.2,1044.75,55,4.85326195318703,756,70,1136.75,85,1410.5,901.5,11.075000047684,62.224999427795,0.819875114148729
0.0416666666666667,1.1,997.25,74,4.62027438141923,744,76,1150.5,79,1405,831.75,10.775000095367,62.549999237061,0.808223480181454
0.0833333333333333,0.9,948.25,35,2.71808909583218,634,43,1319.75,61,1326,715,11.299999952316,60.024998664856,0.802531714979171
0.208333333333333,0.6,892.25,20,1.23830831686767,521.75,34,1572,54,1254.75,647.75,10.875,58.64999961853,0.762781889631965
0.25,0.8,953.75,32,1.69979294614448,561,43,1495.75,57,1255.25,612.25,10.75,57.224999427795,0.738214523849028
0.291666666666667,1.2,1045.25,84,4.75072872141293,750.75,79,1185.75,75,1403,799.75,10.375,59.22500038147,0.745549411708561
0.333333333333333,3.1,1382.75,245,13.7658744244499,1109,174,831.5,97,1706,1172.5,10.975000143051,57.299999237061,0.750089689440906
0.375,4.4,1597.25,553,23.6793353973771,1395.25,235,652,110,2080.25,1518.5,11.200000047684,56.949999809265,0.756491439451104
0.416666666666667,3.4,1317.5,450,14.2126015456475,1123.5,218,761.75,113,1770.25,1286.5,12.100000143051,54.925000190735,0.773369359523016
0.458333333333333,1.7,1137.75,118,7.95918680814864,897.5,136,950,88,1505.25,965.5,15.074999570847,44.25,0.753454950739658
0.5,1.5,1097.5,118,6.66351761555597,842,117,1012.25,85,1440,827.75,15.599999904633,40.599999427795,0.714590181195724
0.541666666666667,1.7,1117.5,144,8.68744803988153,927,119,958.75,96,1477,824.5,16.874999523163,34.599999427795,0.65967492246211
0.583333333333333,2.2,1170.25,159,10.8388012617913,1008.5,126,879,106,1566,872,16.649999856949,35.625,0.669735641553321
0.666666666666667,2.7,1389.5,230,11.3692549979798,1027.5,197,828.75,126,1729.5,1002.25,9.625,81.099998474121,0.971978723547227
0.708333333333333,2.8,1353.25,320,13.3629884763651,1095.75,195,773.75,130,1783,1159,11.724999904633,69.10000038147,0.949663974136077
0.75,2.7,1260.25,263,12.0041263691754,1049.75,156,828.25,111,1722,978.75,10.675000190735,68.5,0.879355586348885
0.791666666666667,4.5,1501.25,556,20.2009235515224,1302,247,680.75,134,2008.25,1311.25,10.674999952316,67.324998855591,0.864271721524478
0.833333333333333,3.5,1272.5,458,14.3992307135419,1129.5,190,795.25,136,1743.5,1071.25,10.775000095367,65.674999237061,0.848602351586309
0.875,2.6,1178.5,214,9.39066519251641,954.5,169,927.75,125,1571.25,898.5,10.349999904633,66.324998855591,0.83356456849531
0.916666666666667,1.7,1046.75,97,5.94007506020187,809,118,1064.25,108,1435,766,10.050000190735,66.924999237061,0.824761275159947
0.958333333333333,1.3,972.5,79,4.52940299816707,739.25,81,1186.25,87,1353.75,589,10.425000190735,61.10000038147,0.771668773562668
0,1.3,997,81,4.48662750898876,737,80,1167.75,89,1340.5,630.75,10.325000047684,59.89999961853,0.751587124681531
0.0416666666666667,1,969.5,52,2.51459902154931,620.5,42,1399.5,58,1249.25,478.5,11.049999952316,58.425001144409,0.768556252112314
0.0833333333333333,0.7,902,38,1.78215863961357,567.5,38,1450.25,54,1253,478.5,9.0999999046326,68.14999961853,0.789040787870977
0.166666666666667,0.5,858.25,29,0.906697260657804,489.5,18,1706.75,28,1211.75,377.5,9.3249998092651,72.299999237061,0.849587826839591
0.208333333333333,0.5,878,21,0.616085355796017,456.75,12,1934.5,20,1157.75,343.5,9.8999998569489,66.800001144409,0.815170605019027
0.25,0.6,892.5,46,1.44222042152829,539.75,43,1603.75,51,1267.5,412.5,7.5500000715256,83.224998474121,0.869495334201948
0.291666666666667,1.1,1038,55,3.75531150424751,697,84,1260.25,82,1382.75,604.75,8.0750002861023,78.97500038147,0.854420166268303
0.333333333333333,2.7,1319.5,271,11.5745071892268,1034.75,184,902.25,112,1720.75,990.75,8.7249999046326,74.624998092651,0.842883898381937
0.375,3.5,1352.75,434,17.8314049555515,1234.5,202,740.25,119,1936.75,1175.25,8.5999999046326,75.125,0.841546574438417
0.416666666666667,2.3,1133.25,300,8.84521915719665,933.25,133,969,99,1552.25,922.75,9.7000000476837,69.650001525879,0.838871969625309
0.458333333333333,1.6,1065.5,116,6.82718444076159,849.25,130,1039,98,1468,828.5,11,64.425000190735,0.844732584901906
0.5,1.3,1026.5,95,5.93473006780172,808.75,106,1081,88,1441.5,732.75,13.599999904633,52.950000762939,0.820932272855608
0.541666666666667,2,1105.5,211,8.88961185502593,935,132,957.5,96,1569.5,819.25,14.175000190735,48.375,0.777999311852602
0.583333333333333,1.9,1037.75,168,8.17848475570831,906.5,106,976,81,1492.25,723.25,14.174999952316,46.25,0.743823620206029
0.625,1.9,1084,154,8.61841257653228,924.25,125,986.25,92,1501,786,16.024999856949,41.27499961853,0.746150483738315
0.666666666666667,2.2,1104.5,267,10.1237931617127,982.25,138,939.25,105,1545.25,850,17.674999713898,35.400000572205,0.709395669689559
0.708333333333333,2,1101.75,143,9.44271643902197,956.5,120,968,88,1526.5,819.5,17.074999809265,37.425000190735,0.722494810094827
0.75,2.9,1239.75,374,14.6418278905967,1137.25,158,835.75,103,1748.25,990.5,14.924999952316,40.525000572205,0.683513111946969
0.791666666666667,5.2,1443.25,797,24.563483800808,1418,253,666.25,141,2059.75,1454.25,13.350000143051,47.800000190735,0.729338177768127
0.833333333333333,4.6,1389,698,21.6270370873706,1341,231,691.5,133,1981.5,1487.5,12.599999904633,52.549999237061,0.764152268670879
0.875,2.5,1182.75,234,10.3124265650867,989.25,150,904,119,1538.75,1205,12.225000143051,53.22500038147,0.755500476117908
0.916666666666667,1.5,1014.25,104,5.70158527462005,797.75,99,1083,106,1376.25,909,10.550000190735,56.075000762939,0.714007352739794
0.958333333333333,1.2,978.5,67,4.46767174927989,736,75,1153.75,92,1323.5,768.5,9.9250001907349,59.52499961853,0.727583885646528
0,1.7,1047.5,88,5.47759915934829,787,93,1098.25,97,1372.75,834.5,9.625,61.10000038147,0.732279919813648
0.0416666666666667,1.4,1023.75,79,4.79943765755593,753.25,79,1131,91,1357,793,9.7000000476837,61.64999961853,0.742519102288607
0.0833333333333333,1.2,973.5,61,3.63306502168154,690,67,1207.5,83,1313.25,733.25,9.4000000953674,62.64999961853,0.739833947329711
0.166666666666667,0.7,924.5,40,2.24678550499386,602,45,1398,59,1263,562.25,7.9750001430511,69.39999961853,0.745858547342642
0.208333333333333,0.8,951.5,52,3.02785938594253,653.75,72,1209.75,73,1312.25,832.25,7.7250000238419,72.424999237061,0.76553383587153
0.25,0.9,1004.75,64,4.0457173102022,713.25,103,1130,78,1363,923.5,7.9750002622604,71.75,0.771114574782552
0.291666666666667,1.6,1122,88,6.6522926990303,841.5,132,1014.75,90,1438,974.25,8.5000001192093,66.27499961853,0.737512378112276
0.333333333333333,3.4,1350.75,375,16.7024959835144,1201,239,783.25,110,1828,1306.75,9.7750000953674,59.60000038147,0.721370405229859
0.375,3.8,1407.75,592,19.3440058470315,1278,275,681.75,114,1927.5,1480.75,11.150000095367,56.97500038147,0.754369300645777
0.416666666666667,3.1,1303.75,357,14.7755980539261,1141.5,232,771.75,119,1747.25,1404.75,14.849999904633,44.125,0.740707640290381
0.458333333333333,2.7,1206.75,296,13.431043277829,1098,180,826,121,1663.5,1194.75,16.849999904633,35.349999427795,0.672923042730741
0.5,2,1099.25,181,10.977346204364,1013.5,112,947.75,97,1503.25,867.75,19.224999904633,27.099999904633,0.597624389560785
0.541666666666667,2.3,1105.6666666667,211,12.5358035477717,1068,116,914.66666666667,99,1535.3333333333,874,19.099999745687,26.233332951864,0.57408490124914
0.583333333333333,1.9,1009.25,199,8.4189190812524,916.25,103,1015,85,1390.5,738,16.349999904633,30.799999713898,0.568255974741918
0.625,1.3,961.75,81,5.25237752206223,776,89,1151.5,75,1279,549.75,14.174999952316,36.825000286102,0.592244433013977
0.666666666666667,1.9,1093.25,143,8.82622272645721,932.5,112,975.5,87,1454.25,776.75,13.449999809265,40.974999427795,0.629212839702279
0.708333333333333,2.3,1179.75,247,11.2286149280352,1022.5,127,886.25,102,1588.25,966.25,14.224999904633,43.274998664856,0.698194388255912
0.75,2.4,1168,239,11.638524261033,1037,125,868.25,105,1579.5,989.75,12.075000047684,45.550000190735,0.640330917183018
0.791666666666667,2.7,1167.5,267,12.3891620764281,1063,120,875.5,98,1540.25,943.5,10.375,48.02499961853,0.604559054154121
0.833333333333333,2.6,1139.5,261,10.5913136173638,999.5,120,916,93,1490,962,10,51.125,0.627987635123302
0.875,1.5,1000.75,97,5.982908820689,811,99,1097.25,91,1308.25,777.75,9.8250000476837,50.824999809265,0.617182802411024
0.916666666666667,1.2,953,66,4.60107963092964,743,79,1185.25,85,1252,689.5,9.6749999523163,50.425000190735,0.606328112640701
0.958333333333333,1.1,971.5,60,4.06843735462537,714.5,66,1236.5,74,1257.5,643.5,9.8500001430511,50.175000190735,0.610289381525575
0,1.5,1021,77,5.24730575025914,775.75,94,1143.75,87,1306.5,753,9.400000333786,53.35000038147,0.630010251103255
0.0416666666666667,1,940,57,3.18601046973396,663.5,70,1289.5,79,1232,646,8.625,57.824999809265,0.648824916907952
0.0833333333333333,1.2,1045.5,65,4.46293815639302,735.75,75,1142.25,78,1312,838.25,8.125,62.14999961853,0.674628414400946
0.208333333333333,0.8,915.25,27,1.92200713288345,578.25,32,1417,48,1212,665,8.2499998807907,58.875000953674,0.644401160563635
0.25,0.9,934.75,25,2.43729314602014,615.25,54,1373,59,1249.75,717,6.3250000476837,66.599999427795,0.641022156562353
0.291666666666667,1.1,976.25,42,3.26844176867175,668.5,68,1270.25,65,1266.25,794.5,7.1500000953674,62.875,0.639582296086274
0.333333333333333,1.5,1123.75,78,6.66351761555597,842,98,1049.75,71,1418,935.5,7.1500000953674,63.89999961853,0.650008882320978
0.375,1.8,1162.5,128,8.47482525690886,918.5,128,921.5,84,1530.25,1075.5,11.074999809265,50.499999046326,0.665386777366652
0.416666666666667,2.1,1166.5,184,9.69822027085225,966.25,129,941.5,93,1519.75,1016,15.475000143051,36.14999961853,0.631275008020572
0.458333333333333,2.1,1120.75,156,9.4101700350435,955.25,130,991.75,99,1450.75,833.75,17.849999904633,29.224999904633,0.592046460031202
0.5,1.9,1071.25,176,9.01058355260027,939.75,111,993.75,93,1449.25,756.25,17.624999761581,30.099999904633,0.601316730609264
0.541666666666667,2.1,1064.75,232,10.0300337050787,978.75,106,949.5,96,1467.25,766,19.074999809265,26.825000286102,0.586131112165905
0.583333333333333,2.5,1157.25,305,12.6388899724553,1071.5,137,888.25,114,1595.5,904.75,17.699999809265,28.574999809265,0.573516034984035
0.625,1.9,1046.25,150,7.59935363165946,882.5,113,1051.25,101,1357,765,17.775000095367,28.449999809265,0.573671262705737
0.666666666666667,2.2,1147,188,11.7813229735719,1042,122,933.5,108,1538.25,830.25,18.724999904633,25.974999904633,0.55545893785813
0.708333333333333,2.3,1118.75,221,11.2216025222166,1022.25,137,916.25,117,1507.75,853.25,17.075000286102,31.275000095367,0.603768224748464
0.75,2.7,1209.5,219,12.352616700066,1061.75,165,885.5,125,1586.25,980.5,15.824999809265,36.074998855591,0.644001951096317
0.791666666666667,3,1305.75,306,12.8684322413201,1079.25,196,826.75,133,1621,1285.75,14.674999952316,40.099999427795,0.665720037416136
0.833333333333333,2.8,1257.5,270,12.2068957615406,1056.75,174,840.5,119,1632.75,1243.5,13.649999856949,44.949999809265,0.699129554929824
0.875,2.2,1148.25,231,8.76933794439815,930.25,140,947.5,107,1475.25,1056.25,12.5,48.075000762939,0.694596122292269
0.916666666666667,1.6,1107.75,125,6.787523688906,847.5,102,1022.75,96,1420.75,1003,11.849999904633,50.824999809265,0.704175163007097
0.958333333333333,2.1,1230.75,122,8.6058859089994,923.75,130,906,105,1483.25,1244.5,10.924999952316,56.14999961853,0.732648176030641
0,2.3,1292.5,161,8.93409926618545,936.75,121,929.75,102,1463.75,1200.25,10.875,55.949999809265,0.727666613077617
0.0416666666666667,2.3,1274.25,101,8.31374926659579,912,111,939.25,97,1451,1188,10.300000190735,58.10000038147,0.727811710387278
0.0833333333333333,1.7,1135.25,95,6.33578243722282,827.25,87,1012.75,79,1394.5,1070,9.3000001907349,62.175000190735,0.729409047923508
0.166666666666667,1.3,1009.5,96,5.11617381347684,769.25,77,1109.75,69,1396,895.25,8.3000000715256,64.875001907349,0.712430716930004
0.208333333333333,0.8,869.75,54,2.59668729683025,626,39,1325,52,1283.75,755.25,9.6000001430511,58.5,0.699968748660346
0.25,1.1,983,63,3.60277322377015,688.25,77,1250.75,62,1342,805.5,7.6750000715256,66.35000038147,0.698990152542765
0.291666666666667,1.4,995.25,72,3.64173967489039,690.5,91,1219,69,1321.25,836.25,7.4250000715256,67.97500038147,0.704275834258515
0.333333333333333,1.3,1024.25,91,4.6828924219133,747.25,105,1136,75,1382,897.25,9.6500000953674,58.599998474121,0.703471529407807
0.375,1.9,1163,127,7.53415522699667,879.75,133,958.5,83,1486.25,1073,12.5,50.125,0.724214874204227
0.416666666666667,2.3,1217.75,193,8.96593393761012,938,128,917.75,94,1500.5,1088,16.825000286102,36.924999237061,0.701808255763608
0.458333333333333,2.3,1210,188,9.46878804795829,957.5,126,932.5,96,1514.25,1036,19.175000190735,31.325000286102,0.688677526873544
0.5,1.8,1113.5,151,7.69461486449981,886.5,92,1020.25,86,1438,768.25,21.300000190735,26.400000095367,0.660743077942915
0.541666666666667,1.4,994.5,103,5.66486180639104,796,66,1159.25,72,1287,587.25,21.224999904633,23.14999961853,0.576774863045567
0.583333333333333,1,926.5,55,3.80380811417981,699.75,50,1285,53,1189.25,452,18.625,25.025000095367,0.531854052519396
0.625,1.4,1001.5,104,4.80432019821575,753.5,70,1188.5,65,1259.75,469.75,18.049999713898,27.275000095367,0.55943392242875
0.666666666666667,1.3,986.75,116,4.30327119347217,727.25,73,1212.75,70,1244,501.75,18.199999809265,28.25,0.584836833830443
0.708333333333333,1.3,993,93,4.05025697922261,713.5,77,1216.5,75,1237.75,515.5,17.049999713898,31.375,0.604755298986447
0.75,1.4,1011.5,93,4.65394713296406,745.75,86,1174.25,86,1300.5,554.5,15.625,35,0.616996717235319
0.791666666666667,1.9,1113.75,155,6.23720105529812,822.75,93,1067.5,94,1357.25,670.75,14.100000143051,40.22500038147,0.643845689971705
0.833333333333333,1.8,1093.25,115,5.50862313336825,788.5,105,1101.75,103,1329,787.5,13.425000190735,43.199998855591,0.662320431893535
0.875,1.1,968.25,75,3.28088382456762,669.25,67,1261,81,1245.5,538.25,12.325000047684,46.799999237061,0.668597029646624
0.916666666666667,1.1,959.75,65,3.21887525543646,665.5,63,1266,80,1223.75,544,11.875,46.47500038147,0.644947899979992
0.958333333333333,1.1,942,57,2.9322466012759,647.75,63,1299.75,77,1204,499.5,11.5,46.64999961853,0.631851844976167
0,0.9,887.75,40,2.18359338934864,597.5,46,1396.25,58,1155.75,417.25,10.625000238419,47.950000762939,0.613545430393176
0.0416666666666667,0.6,817.75,27,1.25755007594289,523.5,21,1587.5,31,1071,341.25,10.724999904633,45.775000572205,0.589545944230884
0.0833333333333333,0.5,840.25,23,1.10195925246496,509,22,1643,38,1075.75,352,10.449999809265,46.64999961853,0.590133588105378
0.166666666666667,0.6,863.66666666667,21,1.17955436205589,516.33333333333,39,1496.3333333333,59,1153,502.33333333333,11.333333333333,46.86666615804,0.627962320855168
0.208333333333333,0.7,898,33,1.67790196055781,559.25,55,1441.25,70,1179.75,648.25,10.125,51.199999809265,0.63407709129007
0.25,0.9,945.5,40,2.85357049814237,642.75,76,1309,75,1231.75,759.5,9.8500001430511,50.700000762939,0.616675077057074
0.291666666666667,2.9,1309.25,279,14.2669278159267,1125.25,181,844.25,103,1686.5,1183,8.1000000238419,56.75,0.614990776928446
0.333333333333333,4.1,1326.25,743,19.7437142770464,1289.25,259,713.5,134,1805.5,1431.25,10.925000190735,44.050000190735,0.574766750024528
0.375,1.5,966.25,147,5.45180293144635,785.75,118,1111.25,98,1257.75,705.25,11.775000095367,37.599999427795,0.518423510505302
0.416666666666667,1.5,975,97,5.59692968282261,792.75,119,1133.25,97,1254,637.25,13.850000143051,33.150000572205,0.522219546954398
0.458333333333333,1.5,988.25,118,5.80706632784424,802.75,123,1105,98,1292.5,658.25,15.575000286102,30.075000286102,0.528509453270279
0.5,1.4,971,91,5.4569580235555,786,92,1129.25,78,1271.5,546,16.500000238419,29.02499961853,0.540561689827573
0.541666666666667,1.6,1009.75,146,6.45716464644112,832.75,91,1070,83,1332.25,561,17.474999904633,27.875,0.551700619554625
0.583333333333333,1.5,983.5,139,5.5449121388953,790.25,103,1131,92,1267.5,531.75,17.900000095367,26.800000667572,0.544606056773643
0.625,1.4,961.5,155,5.24730575025914,775.75,102,1131.25,81,1247,535.25,18.150000095367,26.099999904633,0.538658062719193
0.666666666666667,1.5,1012,128,5.77005420290099,801,94,1098.25,90,1288.75,525,17.974999427795,27.050000190735,0.552247335481181
0.708333333333333,1.9,1058,166,7.91079935277257,895.5,98,995.75,95,1357.5,603.25,16.999999523163,28.925000190735,0.55579549599457
0.75,2.5,1173,299,10.204454244911,985.25,126,904.5,114,1476.75,802.25,16.10000038147,31.275000572205,0.568043603329768
0.791666666666667,2.1,1126.5,163,8.19687419814453,907.25,108,956.5,106,1403.5,796.25,14.549999952316,35.449999809265,0.583876151445011
0.833333333333333,1.6,1019.5,154,5.69108253268157,797.25,95,1065.75,99,1302,688.75,13.225000143051,37.875,0.573296098767443
0.875,1.2,948.75,80,3.79938837164783,699.5,78,1220.5,90,1177.5,553,13.125,34.374999523163,0.516995892140788
0.916666666666667,1.1,929.5,58,3.97788295430881,709.5,61,1278,82,1136.5,509.25,13.549999952316,28.499999523163,0.440452539366192
0.958333333333333,1,899.75,55,2.84966065724598,642.5,55,1338.75,74,1089.25,455,12.424999952316,31.875000476837,0.458317418250116
0,1,898.75,33,2.64950956160428,629.5,57,1417.5,76,1050.25,425,13.125,26.75,0.402316808919437
0.0416666666666667,0.7,866.25,33,1.8046173970222,569.25,41,1467.5,66,1055.25,435.5,11.649999856949,33.599999904633,0.459539519283038
0.0833333333333333,0.7,899.75,32,1.72495919145969,563,46,1402,73,1129.5,618,10.5,42.875,0.544152245376333
0.208333333333333,0.7,956,26,2.28578067569603,604.75,52,1341.25,71,1116.75,691,12.924999952316,33.924999237061,0.503726153655937
0.25,1.1,1054,86,5.31340162147147,779,111,1079.5,98,1265.75,1012.75,11.274999856949,40.27499961853,0.537601948523615
0.291666666666667,2.6,1343.25,294,13.3780990276834,1096.25,191,838.5,115,1586.5,1310.75,11.900000095367,38.425000190735,0.534097936158039
0.333333333333333,4,1583.5,664,23.8144583070489,1398.75,244,642.25,130,1946.75,1675,13.324999809265,35.550001144409,0.541559228531225
0.375,4.2,1555.75,695,21.4881111495286,1337.25,283,673.5,150,1852.25,1688.5,16.325000286102,28.799999713898,0.530524476093359
0.416666666666667,4.7,1564.75,735,20.9819859531801,1323.5,320,694.5,159,1872,1687.75,17.900000095367,28.249999523163,0.574071658990035
0.458333333333333,3.9,1428.5,649,18.3816570686392,1250.5,249,734.25,146,1754.25,1548.25,18.25,26.625,0.552903118043697
0.5,3.7,1418.5,586,18.9477879299344,1266.75,219,742.25,138,1763,1490.25,20.800000190735,22.5,0.546306688198538
0.541666666666667,3.4,1373.25,546,17.1032617117934,1213,200,791,128,1710.5,1353.75,22.449999809265,19.950000286102,0.535185280662958
0.583333333333333,2.2,1185.25,245,10.3733737920879,991.5,138,941.75,97,1447.75,1013.5,20.900000095367,21.674999713898,0.52948251402105
0.625,1.9,1122.25,178,7.95313149756852,897.25,118,991,91,1371.75,831.25,19.075000286102,26.5,0.579029814061315
0.666666666666667,1.6,1084.5,130,6.16641366311241,819.5,99,1059.75,81,1325,698.75,18.124999523163,30.550000190735,0.629523404551038
0.708333333333333,2.1,1248.5,151,9.73118732339548,967.5,112,874,99,1526.5,925.5,17.275000095367,34.72500038147,0.678776424301062
0.75,2.2,1236.25,272,9.5930464130947,962.25,117,853.25,101,1531.5,928,15.849999666214,40.425000190735,0.722792451415102
0.791666666666667,2.7,1334,301,11.9248634296872,1047,129,814.75,106,1638,1038,15.924999952316,41.97500038147,0.754052803017719
0.833333333333333,2.4,1263.5,237,8.70631663435742,927.75,132,884.25,102,1534,1034.5,15.875,43.5,0.778996398841456
0.875,1.3,1072.75,95,4.65394713296406,745.75,73,1071.5,84,1359.75,788.75,15.025000095367,46.14999961853,0.783326478134842
0.916666666666667,1.2,1052.5,68,3.8303725558837,701.25,68,1147,81,1323.25,692.25,15.050000190735,44.550000190735,0.757365189797452
0.958333333333333,1.5,1097.75,101,4.67806289427276,747,80,1094,91,1360,763.75,14.850000143051,43.500000953674,0.730216057686113
0,1.3,1028.75,81,3.84812595294301,702.25,68,1180,82,1286.5,639.25,14.775000095367,41,0.68498834183852
0.0416666666666667,1,972.5,50,2.67609058782946,631.25,44,1287.25,64,1239.75,540.75,14.750000238419,40.849999427795,0.681402224730251
0.0833333333333333,0.9,972,66,2.78741437083183,638.5,47,1222,70,1256.25,677.75,14.825000047684,40.77499961853,0.683389967797546
0.166666666666667,0.5,850.5,18,0.790158766487645,477,15,1699,26,1064.25,343,14.525000095367,36.050000190735,0.592817291859612
0.208333333333333,0.6,909,31,1.50417524989182,545,44,1472.75,58,1130.5,436,14.575000286102,36.049999237061,0.594700851943786
0.25,1,1037.5,57,3.52109840596471,683.5,85,1219.75,93,1279,687.5,14.424999952316,38.5,0.62909969071497
0.291666666666667,3.1,1635.5,342,15.6213592195707,1168,207,720.5,110,1926.25,1437.75,13.775000095367,58.224999427795,0.912855166520691
0.333333333333333,4.1,1580.25,644,19.9493542369401,1295,230,639.25,115,1956.5,1488.75,13.224999904633,61.14999961853,0.925598829986004
0.375,2.2,1261.75,216,8.5996254884063,923.5,181,872.25,125,1575.5,1092.75,10.400000095367,74.424999237061,0.938424716819067
0.416666666666667,1.7,1196.5,117,6.54048766822077,836.5,144,956.75,118,1498,964.5,11.450000047684,70.97500038147,0.958211479007706
0.458333333333333,1.9,1276.75,156,7.682679548673,886,140,901.5,109,1578.5,1003.75,12.200000047684,70.02499961853,0.992366265083977
0.5,2.9,1429.5,332,11.3058746113636,1025.25,204,779,123,1771.5,1165.75,12.275000095367,73.324998855591,1.04416983613341
0.541666666666667,2.2,1242.25,232,9.12583072536411,944.25,149,846,114,1638.25,990.75,11.25,78.124998092651,1.04114312513528
0.583333333333333,2.6,1348.5,295,11.2356292013854,1022.75,171,804,114,1748,1053.5,13.625,69.200000762939,1.07458512880099
0.625,3.1,1389.75,386,13.4840766537359,1099.75,195,755,119,1798.75,1191.5,14.875000238419,59.324999809265,0.99744100396026
0.666666666666667,2.3,1223.5,278,10.0500937035469,979.5,152,850.25,111,1637,1054.5,15.675000190735,50.875,0.899676672370787
0.708333333333333,2.4,1252.5,263,11.3199460865874,1025.75,128,809.5,103,1681,1047.5,15.200000047684,52.949999809265,0.908741204365689
0.75,2.8,1312,322,11.7527038490589,1041,121,820.5,103,1711.5,1072.5,15.5,50.77499961853,0.888064696935456
0.791666666666667,2.7,1254.3333333333,226,11.524820242424,1033,142,818.66666666667,107,1669,1068.3333333333,14.300000190735,52.93333307902,0.858102632330712
0.833333333333333,2.3,1198,221,9.3452210104086,952.75,131,881.5,105,1588.25,1018.5,13.174999713898,55.974999427795,0.844558425961133
0.875,1.5,1060.25,109,5.46727443855849,786.5,81,1044,91,1418,833,12.649999856949,57,0.831530883635305
0.916666666666667,1.4,1050,105,5.10113431794159,768.5,60,1078.25,79,1408.75,758.5,12.275000095367,57.750000953674,0.822377224325101
0.958333333333333,1.2,1029.25,84,4.80432019821575,753.5,57,1097.5,79,1395.25,749,11.974999904633,58.449999809265,0.816387139763885
0,1.6,1143,106,6.29188712636252,825.25,96,985.5,86,1477.25,978.25,11.950000047684,61.624999046326,0.859344203475562
0.0416666666666667,1.2,1043.75,100,5.12119117276575,769.5,85,1031.25,70,1424.75,944.25,11.499999761581,63.875,0.865156190872878
0.0833333333333333,1.1,1034,71,4.08665243177194,715.5,50,1085,55,1405,891.25,10.674999952316,67.224998474121,0.862987985864392
0.166666666666667,0.7,909.25,44,2.43363760442311,615,57,1237,49,1321.5,789.5,10.225000143051,66.574999809265,0.829897560127205
0.208333333333333,0.9,996,45,2.94016434536352,648.25,64,1175.5,50,1339.75,852,10.950000047684,63.699998855591,0.832514169678347
0.25,1.7,1153.5,134,7.44563459249894,876,153,1001.5,67,1560.5,987.25,9.625,68.775001525879,0.824264358234404
0.291666666666667,4.2,1510.25,505,19.7883413308492,1290.5,342,675.25,94,1949,1434.5,9.5,69.60000038147,0.827328971159978
0.333333333333333,6.2,1721.5,1042,31.9185707478393,1595.25,378,538.75,119,2438.5,1797.75,11.875,60.925001144409,0.845475012842213
0.375,4.6,1511.5,737,20.9728313110603,1323.25,304,631,139,2001,1676.5,16.225000143051,48.575000762939,0.889207485991704
0.416666666666667,2.8,1258.25,375,11.7169716826442,1039.75,192,799.5,113,1700.75,1281.75,19.150000095367,39.599999427795,0.869266076652997
0.458333333333333,1.6,1093.75,124,6.83285830276771,849.5,130,970.25,88,1488.75,871.25,19.724999904633,38.449998855591,0.874323849183893
0.5,1.7,1128.75,137,7.42798401065261,875.25,106,974,73,1523.75,759.25,20.60000038147,36.674999237061,0.879714348775745
0.541666666666667,1.7,1124.5,179,8.5996254884063,923.5,102,936.5,73,1541.5,789.5,21.849999427795,33.900001525879,0.877140060915818
0.708333333333333,3.3,1308,388,16.4265732791852,1192.6666666667,163,793.33333333333,106,1193,1187.3333333333,23.599999745687,27.533332824707,0.791259510562681
0.75,4.2,1528.5,589,21.2482110157762,1330.75,211,700.25,132,2028.25,1398.75,22.849999904633,32.074999809265,0.881361148444914
0.791666666666667,5.5,1592.25,840,25.0057967894521,1429.25,267,623.75,164,2089,1644,20.750000476837,36.674999237061,0.887777602576684
0.833333333333333,4.9,1535.75,655,20.2099330192043,1302.25,269,666,161,1921.75,1598.75,18.25,40.900000572205,0.849342266454878
0.875,2.5,1192.25,254,10.7973841428113,1007,154,827,124,1604,1223.25,16.775000095367,44.02499961853,0.834143825684035
0.916666666666667,2,1186,188,9.94330459047137,975.5,127,844,113,1570.25,1200,15.825000047684,48,0.856884132965373
0.958333333333333,2,1202.75,120,8.51841685443496,920.25,122,897.75,103,1528.5,1117.75,14.899999856949,52.000000953674,0.875669152778101
0,2,1139,157,7.98342769496114,898.5,126,921.25,104,1514.25,1066.5,14.075000047684,54.449999809265,0.870146830575278
0.0416666666666667,1.3,1072.25,88,5.63346510318638,794.5,84,985.5,93,1441.75,1048,13.25,58.849999427795,0.89221185101016
0.0833333333333333,1,954.25,68,3.24361814731007,667,58,1179.5,60,1350.25,717.5,13.25,60.875000953674,0.922912452153234
0.208333333333333,0.7,968,51,2.63059241477216,628.25,56,1196.5,66,1371.5,736.75,11.275000095367,72.949998855591,0.97375698343892
0.25,1.1,1066.5,93,4.29861268319385,727,91,1054.75,82,1447.5,903.25,11.424999952316,71.75,0.967105511454095
0.291666666666667,2.6,1385.75,284,12.9875941941067,1083.25,159,797.5,109,1832.5,1159,11.924999952316,73.650001525879,1.02537197251635
0.333333333333333,3.9,1473.5,486,20.3452804855978,1306,190,633.5,114,2059.75,1365.25,12.625,70.175001144409,1.0220869736326
0.375,5,1569,798,20.7171932696845,1316.25,249,634,139,2054,1509.5,13.625,65.274997711182,1.01363498626609
0.416666666666667,3.3,1374.5,524,15.8968825998479,1176.5,196,705.75,127,1897.75,1385.75,16.949999809265,52.27499961853,1.00133856201124
0.458333333333333,2.9,1327.5,468,14.1893459124515,1122.75,180,738.25,127,1821,1368,19.449999809265,44.074999809265,0.985484077705746
0.5,3.1,1340.75,454,15.8887496696246,1176.25,167,747.75,135,1824.5,1346.5,22.900000095367,33.825000286102,0.932236965333306
0.541666666666667,3,1296.5,461,16.0926049011659,1182.5,159,764.5,130,1773,1241.5,23.624999523163,31.275000095367,0.90012924887395
0.583333333333333,2.7,1303,391,14.6811182102377,1138.5,152,790.25,126,1760.75,1138,24.72500038147,30.499999523163,0.937098921189521
0.625,2.7,1281,337,13.9730768995817,1115.75,149,808.75,121,1702.5,1079.5,26.125000476837,27.27499961853,0.910051548047372
0.666666666666667,2.6,1247.75,297,13.5675947619041,1102.5,143,871.5,122,1632.25,1002,27.574999809265,22.824999809265,0.828810111240002
0.708333333333333,3.7,1382,588,19.6991301861703,1288,185,777.75,138,1799,1212.25,26.875,22.349999904633,0.77916266603829
0.75,4.5,1491.25,721,23.2950778342601,1385.25,223,685,165,1915.25,1486.25,24.275000095367,30.124999523163,0.901215882504001
0.791666666666667,4.7,1619.75,710,24.1439775101341,1407.25,215,641,154,2051.75,1567.25,21.224999904633,40.050000190735,0.997832991603864
0.833333333333333,5.5,1693,787,25.3918536563548,1439,271,617.75,168,2083.25,1722.5,19.425000190735,42.474999427795,0.94825396172213
0.875,3,1373.5,415,14.1428833642711,1121.25,180,770.75,146,1685.25,1399.25,18.499999523163,43.02499961853,0.907379859945666
0.916666666666667,1.9,1287.25,245,10.1237931617127,982.25,115,841.25,124,1582,1290.5,17.77499961853,46.950000762939,0.94670880862635
0.958333333333333,2.3,1408.25,294,12.0763777633858,1052.25,149,761,124,1683.5,1442.5,16.799999713898,53.224999427795,1.01003282750368
0,1.6,1254.25,139,9.02974804209978,940.5,98,828,106,1566.25,1269.5,17.075000286102,51.75,0.999040944379135
0.0416666666666667,1.3,1140.75,98,6.31930644980548,826.5,73,935.5,88,1488.25,1109.75,16.249999761581,54.174999237061,0.993276212875572
0.0833333333333333,1.2,1140.75,88,5.27776770640843,777.25,69,986,83,1455.25,1059.75,15.050000190735,58.150000572205,0.988569832357691
0.166666666666667,0.8,986.25,57,2.98786179852511,651.25,60,1144.5,74,1380.25,891,14.450000047684,57.975001335144,0.948831082817504
0.208333333333333,0.8,1005,57,3.34758146661128,673.25,56,1103,64,1387.25,904.5,13.725000143051,61.625,0.963083443149005
0.25,0.9,1040.75,60,3.50827542497051,682.75,73,1112.25,69,1397.5,898.75,13.874999761581,59.625,0.940784433021981
0.291666666666667,2,1271.75,200,9.50142064589405,958.75,159,845.5,91,1659.75,1136.25,13.325000047684,61.699999809265,0.939921342649973
0.333333333333333,3,1436.25,451,15.1720412435056,1154,203,704,96,1872.25,1390.75,15.050000190735,55.800000190735,0.948619024786061
0.375,3.1,1471.75,422,14.2746959239743,1125.5,211,719.5,106,1816,1460,16.974999904633,50.474999427795,0.968368525643629
0.416666666666667,3.1,1460.75,424,14.305786381113,1126.5,236,702.5,124,1836.25,1450.75,15.550000190735,57.424999237061,1.00754415704962
0.458333333333333,3,1429.75,339,13.7047346900884,1107,228,713.25,121,1852.75,1409.25,16.64999961853,55.224999427795,1.0382077156537
0.5,3.2,1498.25,445,15.7021822831229,1170.5,206,683.5,114,1941.5,1433.75,17,54.300000190735,1.04337757086178
0.541666666666667,3.1,1453.5,535,15.4200801061089,1161.75,188,681.5,114,1915.25,1457,18.02499961853,51.52499961853,1.05518738203294
0.583333333333333,2.5,1402.25,278,12.5578631924213,1068.75,158,732.5,106,1792.5,1324.75,19.5,47.5,1.06532618912045
0.625,2.1,1327,256,9.81712475880408,970.75,124,803.25,89,1704.75,1120,21.575000286102,41.675000190735,1.06055043085965
0.666666666666667,2,1273,245,9.61272926369702,963,98,832,82,1662,931,22.175000667572,38.299999237061,1.01059183982524
0.708333333333333,3.2,1456.75,458,16.3304635895429,1189.75,160,677.75,111,1876.5,1212,20.275000572205,42.75,1.00532932618167
0.75,4.1,1542.75,710,19.7615599438171,1289.75,194,631,132,2011,1353.25,19.72500038147,45.35000038147,1.03122468742991
0.791666666666667,3.9,1499.25,678,17.9940167226239,1239.25,174,650.75,121,1956.5,1358.75,18.800000190735,47.47500038147,1.0199260904465
0.833333333333333,3.1,1378.25,436,13.5599931226943,1102.25,157,742.25,116,1795.75,1272.75,17.924999713898,49.449999809265,1.00643786071734
0.875,2,1242.5,178,8.70631663435742,927.75,109,851.75,100,1622,1078.75,17.5,50.89999961853,1.00897723556642
0.916666666666667,1.7,1195.5,160,7.66479138748536,885.25,85,883.75,89,1588.75,972.5,17.424999713898,51.849999427795,1.02302681328975
0.958333333333333,1.6,1137.25,177,7.28742294715221,869.25,90,889.75,92,1553.75,951.25,17.02499961853,53.85000038147,1.03634550805632
0,1,1015.25,101,4.12318660003609,717.5,61,1065.25,71,1427.75,714.25,16.625,55.449999809265,1.04080922590298
0.0416666666666667,0.8,977.5,66,2.72959159600118,634.75,36,1187.5,51,1381.75,579,15.900000333786,57,1.02235928594598
0.0833333333333333,0.5,933.33333333333,40,1.5320666279848,547.33333333333,25,1357.3333333333,39,1336,542.33333333333,15.033333142598,59.233333587646,1.00592621478288
0.166666666666667,0.5,907.75,39,1.79818837536102,568.75,24,1303,35,1360.25,525.75,14.125000238419,61.64999961853,0.98834773110121
0.208333333333333,0.8,979.5,62,3.40219412752811,676.5,73,1141,64,1434.5,659,14.599999904633,58.77499961853,0.971123799374813
0.25,1.7,1236.25,120,8.49972306634666,919.5,164,879.75,94,1641,1011.75,14.375,58.89999961853,0.959389350049074
0.291666666666667,4.5,1664,599,24.1342582225111,1407,329,594.25,134,2198,1563.75,15.299999952316,55.224999427795,0.953788355908651
0.333333333333333,6.2,1757.25,1084,33.7131921813212,1635.75,302,493.75,129,2560,1806,16.175000190735,52.47500038147,0.957592460168093
0.375,4.4,1524,776,21.971351482758,1350.25,256,588,125,2096,1603.75,18.449999809265,46.299999237061,0.973438239384619
0.416666666666667,2.9,1329.25,470,14.0578708259786,1118.5,182,707,107,1823.25,1288.25,19.575000286102,41.750000953674,0.940680587741465
0.458333333333333,1.6,1166.5,169,7.62312150164255,883.5,105,881,78,1580,931.25,20.150000095367,40.14999961853,0.93701221325556
0.5,2.6,1368.75,304,14.4694841080225,1131.75,136,715,91,1818.25,1161.5,20.874999523163,36.64999961853,0.893937216564835
0.541666666666667,2.9,1283.5,405,13.5828034887254,1103,167,755.25,116,1704,1064.25,20.400000572205,34.724999427795,0.82285662608937
0.583333333333333,2.5,1221.25,297,11.4964686260628,1032,166,811.25,131,1629.5,912.5,19.25,35.375000953674,0.781308262789888
0.625,1.9,1096,220,9.20300883070425,947.25,115,871.5,113,1518.75,683.5,18.575000286102,36.949998855591,0.782876256706947
0.666666666666667,1.9,1143,226,10.2786331745254,988,109,849.25,98,1589.75,710,18.775000095367,36.75,0.788300997401642
0.708333333333333,2.7,1251.25,456,13.965379207809,1115.5,143,759.5,116,1716.25,922.5,17.549999713898,40.574999809265,0.806810868947535
0.75,3,1267.5,470,14.965332291434,1147.5,159,727.75,120,1775.75,1005.5,16.849999904633,44.275000572205,0.842819479044385
0.791666666666667,3.3,1314,503,15.0526385345916,1150.25,181,725.75,126,1783.5,1083,16.25,47.699999809265,0.874559788467699
0.833333333333333,3.2,1314.75,459,14.7992583781774,1142.25,178,724,126,1807.25,1160.75,15.649999856949,50.675000190735,0.894730485501026
0.875,1.8,1094.5,227,8.46860567047722,918.25,91,895.75,90,1527.25,799.5,15.724999904633,49.425000190735,0.876789740320968
0.916666666666667,1.3,1026.5,152,5.90803588370757,807.5,76,996.25,81,1457.75,647,15.775000333786,48.625,0.865315896841673
0.958333333333333,1.1,1011.75,94,4.76531915807907,751.5,66,1053.25,74,1392.5,649,15.699999809265,47,0.832459893714118
0,0.9,947.75,93,3.98689927293856,710,56,1127.25,67,1352,575,15.700000047684,45.85000038147,0.812091213130173
0.0416666666666667,0.7,888.5,49,2.26447511902867,603.25,35,1307.5,46,1271,455.25,15.625,44.924999237061,0.791959344316167
0.0833333333333333,0.4,830,30,1.42181610946457,538,21,1475.25,30,1213.5,391.75,15.625000238419,44.400000572205,0.782704428845847
0.166666666666667,0.3,804.25,30,0.712681012713533,468.25,12,1826.25,19,1166.25,319.5,15.725000143051,45.449999809265,0.806274030844063
0.208333333333333,0.3,823.5,32,0.796957826375638,477.75,22,1704.75,32,1200,331,15.25,50.050000190735,0.861687113420343
0.25,0.8,999.75,59,3.59413829100629,687.75,55,1257,61,1398,425.75,14.200000047684,58.625000953674,0.944347175404522
0.291666666666667,2.8,1306.5,277,12.9354032230605,1081.5,152,776.75,111,1768.75,830.25,14.299999713898,58.175000190735,0.94307530591573
0.333333333333333,3.1,1286.25,454,15.7183682301684,1171,153,715.5,102,1821,1005.5,15.000000238419,52.02499961853,0.881650693427237
0.375,2.3,1149.75,211,8.62467882305587,924.5,152,865.25,116,1576.25,819.75,13.600000143051,61.400000572205,0.951940360043911
0.416666666666667,1.6,1086.5,196,7.43974908083597,875.75,112,910.5,96,1553.75,737,16.149999856949,53.10000038147,0.967479100056222
0.458333333333333,1.5,1016,110,6.59628919362769,839,119,991.25,97,1447.5,789.5,16.574999809265,44.324999809265,0.829392403689843
0.5,1.6,1028.5,164,7.83243820672786,892.25,122,937.25,110,1473.5,759.5,17.375,40.27499961853,0.792178440284226
0.541666666666667,1.8,1108.75,151,9.10016628828923,943.25,115,883,103,1604,767,18.074999332428,42.249999046326,0.867926714301837
0.583333333333333,1.4,996.5,112,6.11219638745319,817,84,1030.25,79,1426,626.25,14.375,51.77499961853,0.843334185985046
0.625,1.9,1177,117,7.52823997844669,879.5,146,926.75,104,1551.75,775.5,10.900000095367,76.39999961853,0.995250625873284
0.666666666666667,1.2,1044.75,120,5.91870740067393,808,65,1037.75,69,1420.75,588.75,16.400000333786,47.650000572205,0.881894433113482
0.708333333333333,2.3,1171,251,12.6831800095177,1073,120,846.5,96,1623,872,18.025000095367,37.099999427795,0.759775889678642
0.75,3.3,1220.5,435,13.5068325139805,1100.5,185,799.25,121,1700,996.25,14.699999809265,48.650000572205,0.808943708864829
0.791666666666667,3.1,1261.75,345,14.5007546202327,1132.75,157,774.25,129,1747.5,1033,11.275000095367,71.27499961853,0.951398625249337
0.833333333333333,3.3,1206.5,343,10.956516647622,1012.75,174,875.75,116,1632,981.75,10,73.97500038147,0.90866279800107
0.875,1.2,955.75,62,3.22299346067285,665.75,62,1234.75,71,1282,517.75,9.8000001907349,71.774997711182,0.870156759430939
0.916666666666667,1.3,1020.25,70,4.29395632425849,726.75,81,1152.75,85,1390.75,630.5,9.25,75.224998474121,0.87960533865362
0.958333333333333,1.9,1107.25,114,7.08449401084112,860.5,118,956.75,101,1509.75,878.75,9.6000001430511,75.950000762939,0.908762854611739
0,1.4,1019.5,88,4.76531915807907,751.5,95,1073.5,97,1397.75,838.75,9.2999997138977,74.999998092651,0.879866108854859
0.0416666666666667,1.5,1051.25,95,5.69633287168699,797.5,84,1015.5,89,1455,876.25,9,76.72500038147,0.882483473888906
0.0833333333333333,1.1,965,83,4.09121162052864,715.75,56,1086.75,72,1383.25,826.5,8.1750000715256,79.625,0.867189652361708
0.208333333333333,0.8,869,68,2.83794485048949,641.75,69,1290.75,62,1287.5,723.25,8.0750000476837,72.074998855591,0.779769942812006
0.25,1.1,938.75,59,4.80920485524973,753.75,74,1168.75,64,1383.75,797.25,8.0500001907349,70.449998855591,0.76092494567913
0.291666666666667,2.6,1274.25,226,13.7658744244499,1109,161,820.25,80,1723,1137.75,8.0750000476837,70.500001907349,0.762730257765039
0.333333333333333,5.1,1511.5,802,27.1040109757861,1481.5,308,596.25,118,2189,1605.25,9.9249999523163,64.299999237061,0.785949481071508
0.375,4.2,1435.25,585,19.0794720794339,1270.5,300,675.5,130,1885.25,1568.75,13,54.224999427795,0.809028414650202
0.416666666666667,2.6,1207.25,324,11.7455537050681,1040.75,189,813.25,113,1619.5,1319,16.475000143051,42.550000190735,0.791212140702205
0.458333333333333,2.4,1222.5,308,12.7275360818239,1074.5,164,818.25,112,1677.75,1197.5,19.300000190735,34.150000095367,0.756571871214241
0.5,2.1,1120.5,238,11.3199460865874,1025.75,122,864.75,96,1541,958.25,21.500000476837,27.39999961853,0.694123278910422
0.541666666666667,2.6,1176.25,301,14.1893459124515,1122.75,166,816,125,1609,1067.75,20.375,26.724999904633,0.632321440600912
0.583333333333333,2.8,1144,294,13.9038627907998,1113.5,181,844.75,128,1550.75,1009.5,20.64999961853,22.574999809265,0.543150998782468
0.625,2.5,1136,353,13.1597091592774,1089,127,855.5,101,1551.5,928,20.550000667572,24.800000190735,0.593063940315115
0.666666666666667,1.9,1084.75,209,10.7216284102969,1004.25,106,887.5,95,1453.75,815.5,21.025000095367,25.449999809265,0.626434889167462
0.708333333333333,3.6,1297.3333333333,538,19.6634938563942,1287,192,722.66666666667,138,1798,1216.3333333333,21.46666653951,24.53333346049,0.620250137932172
0.75,4.6,1407.75,808,23.9983634247308,1403.5,241,646.25,154,1972.25,1462.5,19.324999809265,28.64999961853,0.635697758587812
0.791666666666667,6.3,1617.75,974,29.1157711111778,1530,326,579,171,2166.5,1791,18,32.949999809265,0.673743303037454
0.833333333333333,4.3,1318.5,544,15.7507614499555,1172,232,745.75,136,1699,1425,15.825000047684,39.75,0.70960717261195
0.875,1.6,1045,138,7.00974344340667,857.25,92,967.5,93,1410.25,922.25,15.349999904633,41.52499961853,0.719442748147604
0.916666666666667,1.4,1058,92,6.27181193720944,824.33333333333,95,993,99,1411,971.33333333333,14.100000063578,46,0.736280952343723
0.958333333333333,2.3,1176,169,8.43753694441626,917,157,866,95,1559.5,1151.25,12.049999952316,67.85000038147,0.952280768266321
0,1.3,1046.5,77,5.39523408473876,783,83,1013.75,79,1449,975,11.950000047684,66.949999809265,0.933599921284086
0.0416666666666667,1.7,1115.75,98,6.92391319824309,853.5,118,929,78,1532.75,1033.75,11.524999856949,70.050001144409,0.950332091556446
0.0833333333333333,1.7,1074.25,102,6.44055472061233,832,101,951.25,75,1506.5,979.75,11.39999961853,69.77499961853,0.938961212509741
0.166666666666667,0.8,898.25,69,3.28088382456762,669.25,46,1163,52,1386.25,806.5,10.800000190735,70.25,0.909196435875449
0.208333333333333,1,970.25,89,3.95088623558786,708,81,1120.5,55,1435.25,841.5,10.200000286102,73.35000038147,0.912858208041309
0.25,1.4,1072.5,134,6.00437488692127,812,112,987.75,65,1500.25,950,10.825000047684,70.525001525879,0.914242929693249
0.291666666666667,1.7,1081.25,157,8.16623491114277,906,150,894.5,72,1591,1023.5,10.950000047684,71,0.927920048808205
0.333333333333333,2,1158.5,167,9.94996465836645,975.75,138,837.25,76,1662.75,1097.5,12.424999952316,64.02499961853,0.920588928303011
0.375,2,1112,157,8.77565073124079,930.5,124,868.75,84,1587.75,1011.25,14.97500038147,53.14999961853,0.899292511186289
0.416666666666667,1.9,1111.75,172,8.43753694441626,917,124,897.25,90,1542,931.25,16.574999809265,44.425000190735,0.831263572491066
0.458333333333333,2.1,1062.5,114,7.46330303099902,876.75,115,970.5,89,1480.75,811,18.000000476837,38.449998855591,0.786204253291603
0.5,1.8,1032,166,7.82642420528779,892,101,972.75,87,1457,755.5,20.625000476837,30.02499961853,0.721298906993312
0.541666666666667,1.5,936,94,6.36878926435706,828.75,90,1053.5,88,1335.75,606.5,19.89999961853,26.699999809265,0.6136736028755
0.583333333333333,1.3,882.5,108,5.05612914337938,766.25,90,1152,81,1238.25,497.75,19.799999713898,23.125,0.528264410246085
0.625,1.4,941.5,98,6.88401345163669,851.75,89,1055,89,1318.25,539.5,21.39999961853,22.72500038147,0.572218831983587
0.666666666666667,1.5,942.75,132,6.83853417411341,849.75,92,1083.5,91,1295.5,544.25,22.14999961853,21.275000095367,0.56052216033967
0.708333333333333,1.7,1007,144,7.4103512917057,874.5,103,1027.25,104,1357,619.75,21.050000190735,24.5,0.603966751645892
0.75,2,1037.25,165,8.67487867399047,926.5,122,949,111,1425.5,739.5,18.25,31.599999427795,0.656215519767395
0.791666666666667,2.5,1126.5,210,11.2075833138622,1021.75,159,871.25,129,1533.5,921.25,16.125000238419,35.025000572205,0.637153276508058
0.833333333333333,2.4,1123,277,10.50254259546,996.25,172,861,133,1550.75,1033.25,14.775000095367,41.474999427795,0.692924172824362
0.875,2,1110,168,8.22756238939047,908.5,125,916,115,1487,984.25,13.150000095367,50.300000190735,0.757718778618473
0.916666666666667,2.9,1247.25,248,11.638524261033,1037,187,811.5,125,1618,1192.75,12.299999713898,55.5,0.79161109406721
0.958333333333333,2.5,1219.75,235,9.71140136834061,966.75,174,843.5,117,1545,1218.5,11.824999809265,56.625,0.783266397378311
0,1.4,1028.25,84,5.12621062860501,769.75,75,1046.5,84,1326,912.75,11.200000047684,56.22500038147,0.746860958984541
0.0416666666666667,1.2,977.75,75,3.99592429292043,710.5,48,1143.75,63,1304,750.25,11,56.574999809265,0.741804356821377
0.0833333333333333,1,949,62,3.7027089847838,694,61,1159.75,68,1309.5,771.75,9.2750000953674,64.300001144409,0.753098103477734
0.208333333333333,0.7,836.25,38,2.85748262425763,643,38,1244.25,49,1306,727,7.7000000476837,70.72500038147,0.746321636696592
0.25,0.8,856.25,44,2.87315397168927,644,41,1259,49,1301,746.25,7.4000000953674,71.02499961853,0.734649932652989
0.291666666666667,0.9,887.5,60,2.98786179852511,651.25,51,1240.25,52,1298.25,733.25,8.2250002622604,66.64999961853,0.728291811253812
0.333333333333333,1.1,912,88,3.7027089847838,694,61,1196.3333333333,58,1342.6666666667,727,8.733333269755,64.300000508626,0.726663933556064
0.375,1,937.5,70,3.91948917962625,706.25,47,1176.75,51,1319.5,641.5,12.950000047684,47.85000038147,0.711628356117237
0.416666666666667,1.6,1052.5,94,6.24812198569179,823.25,87,1040,77,1385.5,810.25,17.424999952316,35.424999237061,0.698953230812443
0.458333333333333,1.8,1086.75,126,7.31077026393939,870.25,107,1013.5,90,1411.5,850.5,20.200000286102,29.175000190735,0.682961029576656
0.5,2.6,1153,181,9.15152596996091,945.25,161,968.75,118,1424.5,911.25,22.650000095367,22.924999713898,0.622425129892252
0.541666666666667,1.1,893.75,66,3.98239002577333,709.75,61,1209,70,1200.25,611.25,22.300000190735,22.400000095367,0.595514387842868
0.583333333333333,0.6,796.5,54,2.30003161053157,605.75,26,1452.25,35,1075.75,367.5,22.150000095367,18.949999809265,0.499266514167915
0.625,0.9,854,48,3.09637494596014,658,42,1408.5,46,1107.75,368.5,22.049999713898,18.97500038147,0.496922650130175
0.666666666666667,1,891.75,66,3.21475929521627,665.25,55,1347.5,58,1150,393.75,21,23.550000190735,0.578788861074437
0.708333333333333,1.2,935.25,65,3.32250279745745,671.75,65,1298.75,61,1182.75,414.5,19.574999809265,27.35000038147,0.616230253749734
0.75,1.4,989.25,68,3.97337805890804,709.25,75,1224.75,80,1232.75,469,17.924999237061,30.75,0.62584354745704
0.791666666666667,2,1062.75,118,5.67534390203648,796.5,93,1078.75,93,1284.5,607.25,16.375,35.349999427795,0.653225246165629
0.833333333333333,1.1,922,65,3.35595888406735,673.75,63,1219.75,78,1205,498,15.550000190735,37.47500038147,0.657513594626475
0.875,1.1,925.25,63,3.45293985090343,679.5,60,1222.5,76,1217.25,481,15.525000095367,36.749999046326,0.643778213503157
0.916666666666667,1.1,924.25,61,2.94016434536352,648.25,63,1271.5,74,1186.25,464.5,14.549999952316,39.025000572205,0.642757891871222
0.958333333333333,1.1,913.5,63,3.14513187063893,661,66,1256.25,81,1186.75,478,14.224999904633,38.200000762939,0.616314892823216
0,0.7,839.75,31,1.63756870656202,556,41,1473.75,58,1094,366.25,13.650000095367,38.299999237061,0.595698819613484
0.0416666666666667,0.6,799.25,29,1.14930771385383,513.5,42,1614.75,59,1036.25,332.25,14.099999904633,34,0.544207654922764
0.0833333333333333,0.7,855.5,34,1.9518462020878,580.5,36,1447.5,54,1110.5,346.25,14.575000047684,33.974999427795,0.560470491720538
0.166666666666667,0.3,752.5,9,0.657346479861528,461.75,16,1821.5,25,955,274,13.875,30.85000038147,0.486762273521191
0.208333333333333,0.3,784.5,14,0.542781333896161,447.5,16,1923.25,26,1003,263,13.524999856949,37.925000190735,0.585175487660648
0.25,0.4,834.75,23,0.743262949509057,471.75,33,1755.5,49,1116.75,314.25,13.874999761581,43.550000190735,0.687147375053212
0.291666666666667,0.5,865,36,0.945424725616775,493.5,39,1613,53,1184.75,367,13.474999666214,50.099999427795,0.770567040584774
0.333333333333333,0.6,922.25,39,1.45687075336769,541,45,1452.75,57,1246.25,431.75,13.324999809265,53.625,0.81690893657128
0.375,0.8,974.5,38,2.19057676096473,598,63,1267.5,73,1292.75,536,13.400000095367,56.025000572205,0.857574680294147
0.416666666666667,1,1040.25,55,2.90066670437763,645.75,71,1209.5,78,1325.25,554.5,12.950000286102,59.575000762939,0.886003347317063
0.458333333333333,1.3,1114.5,75,3.92844886848938,706.75,104,1105,93,1384.25,677.25,12.700000047684,62.674998283386,0.917262655105977
0.5,1.1,1004.25,64,2.81846425345594,640.5,85,1201.25,71,1304.75,557.25,12.075000047684,60.500000953674,0.850494422349517
0.541666666666667,0.6,894.75,39,1.40153587761867,536.25,53,1414.5,56,1228.5,420.75,11.174999952316,64.375000953674,0.853733429573268
0.583333333333333,0.7,917,42,1.7218047897797,562.75,58,1414.5,60,1257,422.75,10.725000143051,67.575000762939,0.870312785410619
0.625,1.2,1025,78,3.61141698874812,688.75,89,1188.5,77,1324.75,519,11.399999856949,61.200000762939,0.823567583299726
0.666666666666667,1.4,1035.25,69,3.12477702038371,659.75,96,1221.75,82,1301.25,532.5,9.8500001430511,70.549999237061,0.858114902587807
0.708333333333333,1.2,1024.5,67,3.49120915288704,681.75,88,1196.5,77,1313,537,10.275000095367,65.175001144409,0.815106227129784
0.75,1.3,1040.25,83,3.89712812808412,705,100,1149.25,91,1323.5,611.5,10.975000143051,58.925000190735,0.771361879264849
0.791666666666667,1.8,1069.75,79,5.24730575025914,775.75,127,1065,93,1368.75,697,10.599999904633,59.450000762939,0.759454658962504
0.833333333333333,1.2,963.75,68,3.66346488088325,691.75,88,1176,82,1292.25,572.75,10.575000047684,57.72500038147,0.736216756598437
0.875,0.8,904.25,56,2.73343036380859,635,66,1269.25,74,1233.25,488.75,10.575000047684,56.050000190735,0.714854033348971
0.916666666666667,0.8,913.25,49,2.60044526991147,626.25,61,1270.75,68,1234.25,473.75,10.25,57.974999427795,0.723875788527243
0.958333333333333,0.8,914,56,2.36101874943825,610,54,1321.75,65,1229.5,454.75,10.375,58.39999961853,0.735163952366944
0,0.7,893,48,2.03914602689012,587,46,1367.5,58,1219.25,432.5,10.650000095367,58.199999809265,0.745914541401622
0.0416666666666667,0.5,844.25,27,1.34711709173966,531.5,25,1498.5,36,1176,376,10.549999952316,59.875000953674,0.762393039313602
0.0833333333333333,0.3,836.5,29,1.19750276471896,518,18,1580.75,29,1182.25,360,10.474999904633,60.799999237061,0.77039086983651
0.166666666666667,0.3,824.75,47,0.899512846683736,488.75,21,1565.25,28,1170.75,363,11.074999809265,60.149998664856,0.792534941109642
0.208333333333333,0.7,955.5,66,3.06002058207593,655.75,76,1250.75,68,1356.25,524.75,10.075000047684,68.39999961853,0.844319555214536
0.25,1.6,1124.25,163,6.90680126941897,852.75,149,960.25,99,1531,872.5,10.024999856949,68.72500038147,0.845558454045413
0.291666666666667,3.9,1496.25,524,19.123453175723,1271.75,328,667.25,130,2011.25,1398.75,10.974999904633,64.150000572205,0.839760102988116
0.333333333333333,4.5,1451.75,657,22.0928768766108,1353.5,282,620.25,128,2056.5,1501,12.024999856949,58.074998855591,0.813773076230225
0.375,2.7,1172,324,11.7813229735719,1042,206,796.5,120,1641,1186.25,12.775000095367,51.974999427795,0.764340253905284
0.416666666666667,1.6,1019.5,144,7.31661206728073,870.5,133,955.5,93,1425.5,911.25,12.600000143051,50.799999237061,0.738704773060115
0.458333333333333,1.6,1044,135,8.00770000240378,899.5,137,934,96,1470.75,919.25,13.799999952316,47.35000038147,0.743540942485147
0.5,1.6,1019.75,140,7.20595822273249,865.75,116,971.75,84,1428.5,791.25,15.125,42.699999809265,0.729364043186945
0.541666666666667,1.5,1009.25,141,7.65883261800797,885,112,993.75,87,1438.5,750.75,16.274999856949,38.14999961853,0.700561685280271
0.583333333333333,1.8,1073,181,9.69163258444518,966,128,934.5,87,1536.5,804.75,16.575000047684,36.700000762939,0.686716354950747
0.625,2.1,1098,227,9.81712475880408,970.75,145,877,103,1527.25,965.75,15.849999666214,40.5,0.724133435848956
0.666666666666667,1.7,1060.75,149,7.69461486449981,886.5,110,919.75,88,1462.25,869.25,16.349999904633,41.800000190735,0.771204547832521
0.708333333333333,3,1288.75,425,15.2838464447178,1157.5,184,755.25,118,1790.75,1195.75,16.10000038147,42.849999427795,0.778278741240869
0.75,4.6,1441.5,669,21.4696165358357,1336.75,243,629.5,134,2004,1523,15.275000095367,46.825000762939,0.807437212976451
0.791666666666667,5,1479,680,21.6919997750321,1342.75,259,630.75,144,1994.75,1578.5,14.700000047684,47,0.781507799465259
0.833333333333333,3.5,1266,446,14.6496823632781,1137.5,205,726,129,1746.75,1370,14.099999904633,49.550000190735,0.793102629565365
0.875,2.1,1149,205,9.31929511436227,951.75,144,844.5,108,1577.25,1203.5,13.524999856949,54.125,0.835138381287869
0.916666666666667,2.1,1167.5,194,9.36468557992257,953.5,152,842.75,104,1585.5,1201.25,12.324999809265,59.22500038147,0.846103832757242
0.958333333333333,1.5,1078.5,115,6.78186591048343,847.25,108,925.25,90,1463,1121.75,11.649999856949,62.225001335144,0.851037121491052
0,1.1,1047.3333333333,74,4.93200817992722,760,64,1032,74,1378.6666666667,1003,11.46666653951,61.43333307902,0.830289050779571
0.0416666666666667,0.9,935.5,85,3.88819898343828,704.5,73,1085.75,73,1363.75,918.25,10.875,64.550000190735,0.839515284594757
0.0833333333333333,0.7,900,66,2.72575512841807,634.5,47,1206.75,60,1307,835.75,11.075000286102,63.22500038147,0.833051115868194
0.208333333333333,0.9,904.5,47,3.28918972276149,669.75,79,1190.75,62,1345.5,819.75,10.225000143051,65.75,0.819613439499703
0.25,1.6,1078.5,116,7.42798401065261,875.25,113,947,71,1534.75,998,10.325000047684,65.550001144409,0.822479752867259
0.291666666666667,3.9,1416.75,478,18.2348012274971,1246.25,263,669,94,1921,1403,10.849999904633,63.974999427795,0.830683879439169
0.333333333333333,5,1529.25,836,27.7299524914097,1496.75,275,568.5,99,2277.5,1641,13.299999952316,55.574999809265,0.8452613210586
0.375,4.3,1397.25,655,18.2952104567758,1248,263,659.25,119,1906.25,1534,15.775000095367,46.800000190735,0.832838735832231
0.416666666666667,2.7,1214.25,312,12.3380114386441,1061.25,183,779.75,103,1661.75,1256.5,19.52499961853,34.449999809265,0.77382701071244
0.458333333333333,2.1,1109.25,195,8.88961185502593,935,147,882.25,95,1518,1026.25,21.074999809265,30.175000190735,0.744994208694672
0.5,2.1,1122,238,10.4208830073907,993.25,132,858.75,95,1571,993,18.424999713898,34.224999904633,0.718456162923375
0.375,3.9,1489.25,536,19.061891730528,1270,309,633.25,114,1888.5,1637.75,13.450000047684,53.375,0.8196274874931
0.416666666666667,3.8,1451.25,481,17.3135964273409,1219.25,327,661.25,127,1803.75,1633.25,15.025000095367,49.27499961853,0.836368629042867
0.458333333333333,3.8,1454.25,460,17.5080715714398,1225,299,660.5,135,1808.75,1654.25,17.050000190735,42.125,0.811962318001138
0.5,3.9,1392.25,597,16.985953329637,1209.5,257,689.25,135,1791.75,1559,18.449999809265,36.900000572205,0.775807174561387
0.541666666666667,3.5,1350.5,465,16.985953329637,1209.5,195,708.75,120,1782.5,1374,19.250000476837,35.425000190735,0.782412591457691
0.583333333333333,4,1417.5,542,19.4768546774715,1281.75,231,680.75,129,1890,1418,19.150000095367,35.650000572205,0.782559004491463
0.625,3,1303,437,14.8071487392745,1142.5,170,748.25,114,1734.25,1228.25,21.474999904633,30.35000038147,0.767693671107299
0.666666666666667,3.1,1292.25,383,13.965379207809,1115.5,192,746.25,129,1676,1292.75,19.575000286102,34.64999961853,0.780708533218177
0.708333333333333,5.2,1560,778,24.3777406814722,1413.25,251,593.5,149,2046,1642.25,19.60000038147,35.52499961853,0.801650582823059
0.75,5.9,1765,926,28.1437091620091,1506.75,289,533,149,2270.75,1895,18.27499961853,44.14999961853,0.918251232337687
0.791666666666667,7.3,1874.5,1189,33.7468200309759,1636.5,351,482,158,2445.75,2086,17.374999523163,47.75,0.939205953063574
0.833333333333333,6.1,1746.25,824,24.1925989710507,1408.5,319,552.5,148,2119.25,1897.75,16.800000190735,49.775000572205,0.944563393233659
0.875,4.6,1606.5,660,19.7526362512304,1289.5,264,587.25,134,1960,1758,16.200000286102,53.199999809265,0.972346317292166
0.916666666666667,2.5,1277,203,9.31281843867851,951.5,144,802.25,111,1606.75,1284,14.875,59.050000190735,0.992817375044817
0.958333333333333,2.2,1206.5,136,7.25246168751516,867.75,119,877.25,106,1532.25,1075.25,13.924999713898,64,1.01303781408985
0,2,1208.5,114,7.1364423028801,862.75,120,881.75,108,1547.25,1084.25,13.674999952316,66.825000762939,1.04102238088578
0.0416666666666667,1.9,1188.5,110,6.71412954181095,844.25,96,886.75,93,1565.5,1048.75,13.449999809265,69.60000038147,1.06877887723893
0.0833333333333333,1.6,1131.75,127,5.95612234366565,809.75,77,899,83,1532,1021.25,12.849999904633,71.949998855591,1.06319954738275
0.166666666666667,1,1032.75,70,3.56828651725984,686.25,63,1029.5,69,1419.75,947.5,11.874999761581,74.800001144409,1.0380226469522
0.208333333333333,1.2,1074.5,93,5.3644844314151,781.5,97,941,77,1504.75,988,11.599999904633,76.400001525879,1.04152762214611
0.25,2,1241.75,179,10.0033136252635,977.75,180,777.5,87,1685.5,1184.25,11.700000047684,75.250001907349,1.03251360272249
0.291666666666667,4.5,1656.75,523,23.2376704868177,1383.75,352,579,109,2175.75,1600.25,12.75,71.02499961853,1.0428119031823
0.333333333333333,4.1,1405.75,546,18.6507447120527,1258.25,279,636,116,1890.25,1494.75,13.799999952316,61.099999427795,0.959458306111512
0.375,2.6,1149.75,251,9.8635321296211,972.5,186,827.25,105,1590,1187.75,15.300000190735,51.449999809265,0.888590529225508
0.416666666666667,2.3,1184.25,222,10.1506498652041,983.25,169,822.5,106,1604.25,1165.5,16.624999761581,48.724999427795,0.914579411268493
0.458333333333333,2.6,1223,212,10.9842931377168,1013.75,172,780.75,108,1666,1218.5,17.624999523163,46.675001144409,0.932440490453513
0.5,2.4,1195.5,263,10.509359824547,996.5,127,802,100,1643.5,1128,19.249999523163,42.674999237061,0.942539297330425
0.541666666666667,4.3,1559.25,535,18.9390228139821,1266.5,230,652.75,149,2046.5,1373.25,15.72500038147,62.525000572205,1.10918119269116
0.583333333333333,4.6,1543.75,609,18.9302594271155,1266.25,280,612.5,148,2065.75,1415.25,14.5,75.675001144409,1.24245020959447
0.625,4,1485.3333333333,449,17.451606661977,1223.3333333333,242,650.33333333333,126,1980,1302,14.433333396912,77.399998982747,1.26540489642328
0.666666666666667,4.7,1498,536,17.6609150487629,1229.5,250,649.25,140,1962.5,1308,14.625000238419,74.875,1.23910286088012
0.708333333333333,5.7,1593.25,743,22.9991235841692,1377.5,309,581.75,142,2158.75,1448.5,14.625,75.97500038147,1.25730669655767
0.75,5.2,1528.5,575,20.4447799792646,1308.75,270,626.75,141,2083.25,1384.75,14.049999952316,76.25,1.2165873934813
0.791666666666667,6.4,1689,783,26.8085713345972,1474.25,323,560,149,2298.25,1491.75,13.875,77.97500038147,1.23031727695854
0.833333333333333,6,1535.25,706,19.9493542369401,1295,307,627.25,140,2038.75,1379.5,13.775000095367,78,1.22288885682021
0.875,3.4,1303.75,299,12.5137604403864,1067.25,224,736.75,117,1811,1166.75,13.5,79.350002288818,1.22240081810612
0.916666666666667,2.7,1234.5,159,9.60616640246024,962.75,166,803,103,1679.5,1094.75,13.075000047684,80.14999961853,1.20158974576611
0.958333333333333,3.1,1281.25,171,9.9699562678807,976.5,171,794.25,99,1695.25,1104.5,12.775000095367,81.02499961853,1.1915472720137
0,2.6,1167,162,8.1173138401679,904,169,845.5,100,1627.25,1051,12.725000143051,80.625,1.18186222718166
0.0416666666666667,2.2,1133.75,111,7.1364423028801,862.75,120,868.5,88,1598.75,1009,12.525000095367,81.799999237061,1.18376385638821
0.0833333333333333,1.9,1099.75,134,6.37429750967153,829,103,886.75,83,1564.75,971.75,12.650000095367,81.224998474121,1.18493150508358
0.208333333333333,0.6,852.25,46,2.90854800942283,646.25,59,1186,59,1321.25,792.75,14.200000047684,52.224999427795,0.841254241242791
0.25,0.8,922.5,56,4.86798570173596,756.75,72,1040.75,67,1417.75,905.5,14.325000047684,55.449998855591,0.900329585734936
0.291666666666667,4,1490,452,22.6196336039978,1367.5,244,626.5,95,2119.25,1540.5,13.974999904633,57.950000762939,0.92020079756821
0.333333333333333,5.6,1662,880,31.0802833100068,1576,351,522.5,123,2416.5,1861,15.449999570847,53.275000572205,0.92885782854753
0.375,5,1552.5,759,22.1209617735687,1354.25,358,620.75,142,2030,1895.25,19.125000476837,42.125,0.923272900503127
0.416666666666667,3.2,1423,394,18.2693103571497,1247.25,245,705.5,142,1887.25,1683.75,23.724999427795,30.974999904633,0.89682432767823
0.458333333333333,3.8,1457.75,639,21.9526806373949,1349.75,240,677.25,169,1946.5,1731,26.875,25.650000095367,0.894206825211023
0.5,3.3,1348.5,541,20.0749708918851,1298.5,179,727.75,142,1838,1401.75,29.724999904633,20.625,0.847756996677838
0.541666666666667,3,1326.25,468,18.8952231728643,1265.25,160,756.5,136,1834.5,1245.75,29.175000190735,21.525000095367,0.857279104171412
0.583333333333333,3.2,1356,483,20.5626369923297,1312,174,729,147,1864.5,1341.5,29.575000286102,20.075000286102,0.818091760358591
0.625,4.4,1460,682,25.3322962083681,1437.5,260,680.25,196,1953.25,1488.75,30,19.400000095367,0.810046014408997
0.666666666666667,4.6,1497.25,698,25.7704343751382,1448.5,281,679.25,186,1984.75,1531.5,29.5,20.050000190735,0.813568184237706
0.708333333333333,5.2,1645,832,30.6485682266847,1566,284,599.25,177,2227.5,1909,26.999999523163,26.775000095367,0.940255137727823
0.75,4.8,1556.75,872,27.1448695699985,1482.5,250,614.5,164,2086.5,1757.25,24.875000476837,30.775000095367,0.953975372070403
0.791666666666667,5.6,1746.75,899,32.4790283642881,1608,281,556.5,161,2334.5,1982.5,23.099999427795,36.72500038147,1.02435613180647
0.833333333333333,4.6,1481.75,692,20.7992168614605,1318.5,230,660.25,146,1975,1702.75,21.474999904633,40.849999427795,1.03328782969643
0.875,1.8,1211,145,10.8733671544159,1009.75,98,816,98,1618.75,1245.75,20.450000286102,41.5,0.986400081513431
0.916666666666667,2.2,1293.5,208,12.9801328561221,1083,121,770.25,108,1687.25,1320.5,19.200000286102,44.85000038147,0.98753941913091
0.958333333333333,2,1299.75,204,11.8099717677906,1043,110,776.5,107,1658.75,1375.25,18.75,47.72500038147,1.02214278296201
0,2.8,1401.75,240,13.4159072524844,1097.5,161,735.75,113,1729,1455.5,18.200000286102,49.675000190735,1.02838126333064
0.0416666666666667,2.6,1348.5,251,13.40077850392,1097,148,707,100,1763,1442,16.125000238419,57.449998855591,1.0450950580504
0.0833333333333333,1.8,1160.5,173,8.95956314153314,937.75,109,826.75,87,1597.25,1243.25,16.325000286102,55.250000953674,1.01775965629474
0.208333333333333,0.7,932.75,65,3.74652245392157,696.5,71,1045.25,65,1402.75,936.75,14.774999856949,57.72500038147,0.964413456018218
0.25,0.9,1021,119,5.74367876588755,799.75,75,930.5,64,1482.5,1018.5,14,59.724999427795,0.949897776525408
0.291666666666667,1.5,1133.5,151,10.0233508363795,978.5,106,794,73,1639,1139.5,14.600000143051,56.799999237061,0.938491403754598
0.333333333333333,2.5,1310.5,305,14.9574060982481,1147.25,166,681,86,1838,1351.25,16.700000047684,51.900000572205,0.978753822432151
0.375,3,1408.75,415,15.6375096057869,1168.5,188,684.75,105,1874.25,1459.25,19.97500038147,45,1.03903448014822
0.416666666666667,2.6,1301,321,12.2578142229122,1058.5,161,786.5,107,1726.5,1297,23.874999523163,33.674999237061,0.983746424603137
0.458333333333333,2.6,1354.25,358,14.41482998033,1130,139,764.5,114,1808,1291.25,26.75,29.499999523163,1.02094968901137
0.5,2.6,1391.25,350,14.586896875182,1135.5,134,737.5,105,1840,1296.25,27.200000286102,32.35000038147,1.14934412198095
0.541666666666667,1.9,1199.6666666667,238,8.72940194653844,928.66666666667,84,879.33333333333,74,1623,972.33333333333,26.933333714803,32.066666285197,1.1217137840878
0.583333333333333,2,1337.75,215,11.0399360393008,1015.75,98,797.5,95,1766.25,1193.5,24.349999904633,41.799999237061,1.25606214430658
0.625,1.7,1222.5,192,8.95319427614984,937.5,91,883.5,89,1610,879.5,25.550000190735,36.049999237061,1.16288601975477
0.666666666666667,1.9,1278.25,205,10.6735386601622,1002.5,99,845,95,1690.5,909.25,27,31.825000286102,1.11759554630518
0.708333333333333,1.8,1256.5,165,9.88344955973575,973.25,90,860,93,1633.75,838.75,27.474999904633,31.625000476837,1.14170048039528
0.75,2.8,1496.5,283,15.7183682301684,1171,147,724.75,123,1899.25,1248.25,24.925000190735,38.074999809265,1.18375721143043
0.791666666666667,3.5,1567.25,467,19.3970988611247,1279.5,177,661,134,1969.5,1475.5,23.424999713898,39.650000572205,1.1276348445851
0.833333333333333,3.4,1502.5,485,16.752370054666,1202.5,162,651.25,126,1863,1501.75,21.200000286102,50.77499961853,1.26312772743011
0.875,2,1169.25,202,6.84989194384039,850.25,88,905.75,79,1584.25,872.75,15.625,73.474998474121,1.29525236735436
0.916666666666667,1.1,1007.25,64,2.97192629266624,650.25,53,1157.25,54,1403.75,528,12.850000143051,79.674999237061,1.17735129632523
0.958333333333333,1.3,1003.75,71,3.24774981377646,667.25,68,1156.5,69,1365,492,11.524999856949,76.924999237061,1.04360163060139
0,1.2,967.25,84,3.14513187063893,661,61,1180.5,67,1320.75,463,12.174999713898,66.824999809265,0.945491267022751
0.0416666666666667,1.3,983.5,70,3.93293198321965,707,71,1131,73,1359,493.75,12.424999952316,64.050000190735,0.920948401166897
0.0833333333333333,1,931.25,61,3.61574218234283,689,63,1160.75,73,1317.25,503.25,12.725000143051,58.700000762939,0.860469006353518
0.208333333333333,0.3,763,20,0.734469382024753,470.75,14,1783.25,20,1098,305,12.474999904633,50.925001144409,0.734590416736405
0.25,0.5,804.25,31,1.05546264526771,504.5,34,1718,37,1148,328.75,12.849999904633,49.300000190735,0.728502275503317
0.291666666666667,0.6,830,41,1.39000298426609,535.25,42,1496.25,50,1184.25,374.5,13.5,48.599999427795,0.748691585971959
0.333333333333333,0.6,832.5,40,1.59765458793213,552.75,40,1475.5,45,1180.25,373.25,14.375,45.900000572205,0.747639592553853
0.375,0.8,874.75,35,2.26447511902867,603.25,48,1369.75,48,1206.25,384.5,15.099999904633,43.89999961853,0.748677575544724
0.416666666666667,1,881.5,44,2.52572664299379,621.25,61,1345.75,56,1215.75,403.25,16.625000476837,38.550000190735,0.723592374961549
0.458333333333333,0.9,862,71,2.72575512841807,634.5,58,1320,58,1193,393,17.175000190735,34.950000762939,0.678932868136558
0.5,1,862.5,66,2.74111479819173,635.5,57,1289.75,52,1185,388.25,17.400000095367,33.925000190735,0.668317434078012
0.541666666666667,0.8,829.75,46,2.16617656976075,596.25,54,1388.5,52,1145.25,371,17.874999523163,30.724999904633,0.623399430868934
0.583333333333333,0.7,806.75,50,1.998651466707,584,41,1488,44,1104,346.5,18.324999809265,27.199999809265,0.56746905362687
0.625,0.9,872.5,51,3.3769414676322,675,57,1342.5,59,1181,395.75,19.425000190735,25.699999809265,0.573752253412535
0.666666666666667,1.3,930.75,64,4.52464162230266,739,83,1273.75,74,1219,473.75,20.150000572205,24.125,0.563024172293308
0.708333333333333,1.4,918.25,138,4.68772407392587,747.5,81,1228.25,76,1218.75,505.25,19.599999904633,24.925000190735,0.562452936256684
0.75,1.5,1000.5,137,5.97754742609163,810.75,98,1122.25,83,1343.75,624.75,18.474999904633,27.75,0.584333642124558
0.791666666666667,2.7,1169.25,303,11.6955546517067,1039,124,883.25,100,1549.75,940.75,17.800000190735,30.349999904633,0.612933166807105
0.833333333333333,2.5,1084.75,204,8.1846126133246,906.75,133,975.75,101,1418.75,893,16.574999809265,33.950000762939,0.635259398966998
0.875,1.4,939.5,95,5.10614538576162,768.75,100,1102.75,90,1309.5,730.75,15.450000047684,36.974999427795,0.644664821074156
0.916666666666667,2.8,1125.5,347,12.9875941941067,1083.25,116,874.5,93,1654.25,954.75,14.775000095367,39.47500038147,0.659510123301904
0.958333333333333,2.1,977.75,252,7.0212215242979,857.75,102,1013.25,79,1378.5,760.5,14.5,42,0.689566012736336
0,1.1,893,66,3.85701577329971,702.75,55,1192.25,57,1283.25,515.25,14.125000238419,44.949999809265,0.720620123266535
0.0416666666666667,0.7,837.5,45,2.23267641921423,601,33,1360.5,43,1219.5,433.75,14.224999904633,45.450000762939,0.733285648941718
0.0833333333333333,0.4,802.75,36,1.29920750046407,527.25,17,1513,25,1152,369,14.099999904633,45.27499961853,0.724676510853802
0.208333333333333,0.4,808.5,21,1.22464171650239,520.5,35,1574.5,44,1158.25,377.75,13.875,43.875,0.692275348027875
0.25,0.8,897.5,60,3.39797978158185,676.25,70,1271.25,72,1306.5,516.75,13.974999904633,43.824999809265,0.695906803226538
0.291666666666667,1.9,1052.5,155,7.5459916657289,880.25,116,981.75,91,1463.5,785.75,14.400000333786,43.599999427795,0.711304776567724
0.333333333333333,2.1,1032.5,235,8.86423299709586,934,134,917,89,1489.75,844,15.049999952316,41.72500038147,0.709339219339063
0.375,1.4,941.25,89,5.32870458324973,779.75,113,1079.75,84,1342.5,719.75,16.274999856949,38.400000572205,0.705152539570691
0.416666666666667,1.4,941.25,76,5.3644844314151,781.5,110,1102.25,83,1328,667.75,18.349999904633,32.349999904633,0.67595630863047
0.458333333333333,1.3,916.5,101,5.17148002606528,772,98,1097.75,78,1311.25,604.5,18.824999809265,31.700000762939,0.682074576200042
0.5,1.5,976.5,109,6.55720690292044,837.25,96,1038,80,1413.25,646.25,19.575000286102,30.925000190735,0.696779561456885
0.541666666666667,1.6,993.5,143,6.86125774797781,850.75,95,1018.25,75,1436.25,640.25,20.175000667572,30.700000286102,0.71756430960657
0.583333333333333,1.3,942.25,104,5.42605863640047,784.5,86,1065,77,1365,570.75,19.724999904633,32.524999141693,0.739593843710421
0.625,1.4,981,107,5.96147553933554,810,86,1059.75,77,1394.5,604.75,20.674999713898,31.550000190735,0.760243419610647
0.666666666666667,1.5,983.5,133,6.44608933597551,832.25,91,1033.75,81,1409.5,635.5,19.97500038147,32.674999237061,0.754454463247178
0.708333333333333,2.2,1116.25,171,10.6872691837726,1003,119,864.25,101,1625.25,886.25,18.64999961853,35.39999961853,0.753513972363618
0.75,3.2,1180.5,405,13.9038627907998,1113.5,147,787,119,1685.25,1032.25,18.349999427795,35.89999961853,0.750133866410803
0.791666666666667,3,1163,334,12.5211063051097,1067.5,135,811.25,111,1615.75,977.25,17.800000190735,37.47500038147,0.756826053775555
0.833333333333333,2.6,1081,236,9.2675354721953,949.75,124,907.25,109,1496.25,924.25,17.275000095367,38.800000190735,0.758431248467353
0.875,1.6,1016.75,99,6.65790414877632,841.75,89,999.75,101,1440.75,845.5,17.300000190735,38.800001144409,0.759612586998776
0.916666666666667,1.5,966,93,5.28793839309669,777.75,79,1056.75,89,1358.5,754.75,16.400000095367,40.75,0.754190916708111
0.958333333333333,1.2,924.25,82,3.97337805890804,709.25,63,1158,75,1318,609.75,16.049999952316,41.35000038147,0.748680716666731
0,0.8,860.75,51,2.23620013801068,601.25,39,1351,51,1225.25,439.25,15.400000095367,43.049999237061,0.748220473832289
0.0416666666666667,0.7,826,41,1.68102183600711,559.5,25,1424.25,39,1197,402,15.724999904633,42.499999046326,0.753941587934578
0.0833333333333333,0.5,845.5,31,1.64993436708226,557,19,1384.75,32,1211.5,405.5,15.625000238419,43.400000572205,0.765075950945875
0.208333333333333,0.7,929.75,38,3.28918972276149,669.75,58,1142.75,68,1339.25,745.75,15.525000095367,47.27499961853,0.828152805103876
0.25,1.4,1119.5,111,8.88961185502593,935,112,842.75,76,1593,1125.5,14.425000190735,53.099999427795,0.867667369421787
0.291666666666667,4.1,1518.25,584,23.4196675179943,1388.5,314,588.5,122,2100.75,1703,15.899999856949,48.52499961853,0.870350569713366
0.333333333333333,4.6,1460.75,633,23.7661624975121,1397.5,240,629.75,129,2050,1627.5,18.124999523163,40.25,0.829404807691743
0.375,1.9,1074.75,145,7.91684090449118,895.75,128,937.5,94,1487.25,935.75,19.574999809265,35.949999809265,0.809999166207528
0.416666666666667,1.9,1061.25,155,8.21528124610727,908,141,967.5,99,1455,890.25,22.77499961853,29.099999904633,0.796026445666631
0.458333333333333,1.7,1065.75,128,8.79460071056488,931.25,118,978.5,81,1474,757,24.750000476837,25.324999332428,0.779251359681317
0.5,2.4,1179,255,14.6182752485637,1136.5,132,829,87,1651.25,948.5,27.150000095367,21.97500038147,0.778467388158123
0.541666666666667,3,1251,411,17.9511631418941,1238,150,772.5,107,1779,1108.75,28.150000095367,20.449999809265,0.767732829783036
0.583333333333333,2,1120,173,11.9536604135695,1048,121,898,95,1560.25,869.75,25.425000190735,24.150000095367,0.77330809891917
0.625,2.7,1187.25,277,14.7913698101597,1142,149,839.5,110,1651,1011.25,25.700000286102,23.775000095367,0.773721471844414
0.666666666666667,2.2,1144.5,259,12.4770586892055,1066,120,903.25,99,1592,885.25,27.150000095367,22.050000190735,0.781124266639004
0.708333333333333,2.9,1214.5,274,15.5004582016652,1164.25,155,817,113,1689,1015.25,27.025000095367,22.349999904633,0.7860073099655
0.75,3.4,1317,377,17.7034720524463,1230.75,172,765.5,127,1798,1154.75,24.52499961853,27.775000095367,0.843326254237705
0.791666666666667,3.9,1387.5,457,21.6177634849676,1340.75,177,702.25,131,1954.75,1314.75,23.674999713898,30.199999332428,0.871784148860852
0.833333333333333,3.6,1295.25,555,18.9302594271155,1266.25,181,716.25,137,1848.5,1358.75,21.500000476837,34.52499961853,0.874620666906448
0.875,2.5,1152.75,279,12.4697238545702,1065.75,135,810.5,122,1651,1194,19.875000476837,37.799999237061,0.867469121108705
0.916666666666667,1.8,1077.5,137,8.80092124258785,931.5,99,904.5,100,1511,950.5,18.89999961853,40.574999809265,0.877075636812322
0.958333333333333,2,1132.5,203,10.9426396476393,1012.25,111,806,108,1607.5,1054.25,17.900000095367,43.5,0.883968764161965
0,1.3,1055,101,7.98949282668712,898.75,72,880.25,83,1504,979.5,17.375,46.324999809265,0.911177317011978
0.0416666666666667,1,953,86,4.44875021597471,735,54,999,74,1395.75,898,18.099999904633,44.650000572205,0.918649932423474
0.0833333333333333,0.6,891.75,51,2.79904089121518,639.25,41,1138.5,64,1358.5,802.75,16.500000238419,50.10000038147,0.933062574418773
0.208333333333333,0.5,856,33,2.48502784223056,618.5,29,1191.25,39,1345,676.75,16.325000286102,52.77499961853,0.97216768408288
0.25,1.1,1030,95,7.52823997844669,879.5,76,892,69,1538.5,996,13.899999856949,60.724999427795,0.959668610085941
0.291666666666667,5.5,1688.75,754,30.4014986638331,1560.25,321,528.75,104,2395.5,1735.75,15.000000238419,58.27499961853,0.987567404130251
0.333333333333333,4.2,1486.25,588,22.0087134725538,1351.25,274,571,100,2111.75,1692,16.125000238419,54.75,0.995978338869734
0.375,4.6,1591.75,658,24.7400051194649,1422.5,322,577,146,2155.25,2108.25,19.250000476837,46.400000572205,1.02481141837318
0.416666666666667,3.4,1468.75,372,18.4249455088345,1251.75,255,691.5,155,1903.25,1806.75,24.22500038147,33.849999904633,1.00965084289975
0.458333333333333,2.8,1364,386,16.8356343429557,1205,196,722.75,139,1850.25,1565.75,26.699999809265,28.675000190735,0.989504345988321
0.5,2.5,1284.75,333,14.2048478639244,1123.25,136,754.75,121,1741.25,1293,27.35000038147,28.174999713898,1.0097873861921
0.541666666666667,2.4,1310.5,293,15.6698317201245,1169.5,119,747.75,108,1786.75,1219.25,28.124999523163,26.925000190735,1.00935610268895
0.583333333333333,3.2,1416,511,21.8873859781479,1348,169,684,126,1968.75,1329.75,27.699999809265,26.5,0.969261682914918
0.625,3.5,1387.25,559,20.7718603118102,1317.75,197,700.5,145,1889.5,1298.5,28.424999713898,23.424999713898,0.893508151625435
0.666666666666667,2.9,1329.25,375,16.1580724572941,1184.5,140,768.25,121,1750,1111,28.39999961853,26.049999713898,0.992201088822382
0.708333333333333,3.6,1495.75,509,19.824073897595,1291.5,178,680.25,145,1878.25,1299.75,27.349999427795,30,1.07519503862712
0.75,4.8,1675.75,790,28.89504382424,1524.75,223,567.25,160,2226,1652.5,24.324999809265,37.324999809265,1.11992880886422
0.791666666666667,5.4,1724,816,28.2683453128148,1509.75,222,562.25,155,2252.25,1716.25,23.074999809265,42.174999237061,1.17461233289078
0.833333333333333,5.3,1641.75,804,24.857985253953,1425.5,265,597,162,2117.25,1719.75,21.75,43.64999961853,1.12261784418233
0.875,2.7,1266.75,332,13.1372046101413,1088.25,151,764.25,129,1740,1338.5,19.825000286102,46.775000572205,1.07015760476052
0.916666666666667,1.4,1145.75,156,8.58711047460812,923,79,845,96,1574.75,1165.75,19.575000286102,49.800000190735,1.12205730248788
0.958333333333333,1.6,1215.5,143,9.52102317494555,959.5,87,787.75,92,1662.25,1255.75,17.900000095367,56.199999809265,1.14204699717928
0,1.5,1127.75,117,7.79638374572116,890.75,88,837.5,89,1574,1124.5,17.400000095367,55.64999961853,1.09629667626813
0.0416666666666667,1,1041.75,84,5.16644171486439,771.75,51,923.25,61,1495,968.25,16.775000572205,59.47500038147,1.12687578100067
0.0833333333333333,0.6,925.5,60,2.79516309207165,639,34,1115.25,54,1409,814,15.924999713898,60.14999961853,1.08055449010358
0.208333333333333,0.8,958.75,64,4.42043213737691,733.5,76,1038,57,1469.5,860.5,13.325000047684,66.975002288818,1.02027932366116
0.25,1.5,1096.5,148,9.42969212863617,956,139,826.5,68,1620,1046.75,12.875,66.52499961853,0.984613721630688
0.291666666666667,4.9,1674,635,29.8141411401291,1546.5,293,539.25,95,2404.5,1665.25,14.775000095367,61.27499961853,1.0237234240208
0.333333333333333,7.2,1771.25,1129,36.1592568215296,1689.5,368,461.25,125,2572.25,1982,16.125000238419,56.474999427795,1.02735846790437
0.375,3.5,1408.25,475,18.0369138577388,1240.5,250,647.5,135,1886,1711.25,18.60000038147,47.800000190735,1.01432353157004
0.416666666666667,2.1,1155.5,220,10.852621988236,1009,145,874.5,118,1583,1203.5,23.75,30.249999523163,0.877138775198693
0.458333333333333,1.5,1041.75,105,9.02974804209978,940.5,110,971,91,1490.5,871.25,25.375,24.950000286102,0.796574931419364
0.5,2,1167,190,14.3524761257855,1128,104,828.75,89,1716.25,1040.25,25.550000190735,25.52499961853,0.823374919246022
0.541666666666667,3.8,1397.75,516,22.3367844079215,1360,205,656.25,129,2037.25,1438.75,24.949999809265,29.949999809265,0.932526534135867
0.583333333333333,3.4,1457.5,346,20.872242689181,1320.5,201,654,122,2023.25,1516,22.449999809265,37.874999046326,1.01604720320923
0.625,4.4,1554,565,23.0562791237871,1379,266,613.5,138,2151.25,1692.75,21.650000095367,43.97500038147,1.12416542728111
0.666666666666667,3.9,1495,483,21.2390070256694,1330.5,246,615.25,136,2068.75,1635.25,21.375,44.449999809265,1.11756501048831
0.708333333333333,4.9,1559.75,651,24.7793052418933,1423.5,247,579,143,2175.5,1687.5,20.824999809265,45.300000190735,1.10156972816264
0.75,5.4,1663.5,657,28.6332075378389,1518.5,271,553.25,145,2312.25,1819.5,20.175000190735,48.575000762939,1.13536435007643
0.791666666666667,6.5,1760.6666666667,830,32.5820457260387,1610.3333333333,332,502,146,2488.3333333333,2006,20.233333587646,50.833334604899,1.19238626932647
0.833333333333333,4.3,1524,435,19.2380060039541,1275,245,607.75,122,2046.25,1740.25,18.599999904633,57.64999961853,1.22334203461225
0.875,2.9,1398.25,209,16.2893473460716,1188.5,180,646,112,1930.75,1577,18.199999809265,58.800000190735,1.21728870586828
0.916666666666667,2.7,1341.5,202,13.6665812898556,1105.75,156,694,102,1856,1443,17.849999427795,60.97500038147,1.23524489911207
0.958333333333333,2.8,1432.75,174,13.605630197714,1103.75,172,681,97,1876.25,1411.25,16.974999904633,70.650001525879,1.35542820386168
0,2.3,1297.25,170,11.1236250279886,1018.75,137,732.75,85,1822.75,1216.5,16.200000286102,76.875,1.40505871071107
0.0416666666666667,1.7,1178.75,116,7.63501730072907,884,91,830,76,1696.25,1086,15.725000143051,78.599998474121,1.39434846776717
0.0833333333333333,1.2,1096.75,91,5.94007506020187,809,80,897.25,74,1628.25,1049.5,15.724999904633,78.449998855591,1.39168748324391
0.208333333333333,0.8,1005,48,4.50086677700506,737.75,68,1004.5,66,1563.25,916.5,15.650000095367,74.724998474121,1.31936329384933
0.25,1.7,1205.75,111,9.25461476874498,949.25,162,818.25,90,1771,1115.75,15.924999713898,73.125001907349,1.31364172320754
0.291666666666667,3,1457.75,345,18.3297682532514,1249,213,662,111,2033,1379.75,16.550000190735,68.174999237061,1.27367068507912
0.333333333333333,3.4,1405.25,332,19.9403944842581,1294.75,161,638,103,2064.5,1377.5,18.724999904633,57.625000953674,1.23227418445889
0.375,3.3,1381.25,344,16.6195134573636,1198.5,209,684.75,117,1969.5,1364.75,17.574999809265,65,1.2944974971974
0.416666666666667,2.7,1314.5,212,12.6462670580745,1071.75,191,735.5,116,1833.25,1273,16.299999237061,73.174999237061,1.34584534055094
0.458333333333333,2.6,1332.25,166,12.9354032230605,1081.5,215,706.5,109,1889,1241.5,16.049999713898,78.47500038147,1.42086379938275
0.5,3.2,1361.5,214,14.878242654506,1144.75,212,673,116,1972.5,1294.25,17.25,72.375001907349,1.41252791306644
0.541666666666667,3.4,1398.5,377,17.3895850989032,1221.5,202,642.5,115,2060.75,1413,19.35000038147,60.949999809265,1.35446023094952
0.583333333333333,2.6,1310.25,210,15.3639214753017,1160,153,694.75,94,1939.25,1224.25,21.39999961853,50.924999237061,1.28229892598625
0.625,3.4,1399.25,265,16.6858853829522,1200.5,185,699.25,121,1971.25,1317.75,22.699999809265,45.77499961853,1.2465484083637
0.666666666666667,4,1523.5,365,17.9940167226239,1239.25,210,643.5,114,2138.75,1403.5,20.900000572205,60.800001144409,1.48523823832309
0.708333333333333,4.5,1487,454,19.2027279161836,1274,215,640.5,110,2132.75,1470.75,21.025000095367,54.250000953674,1.33532784241427
0.75,4.2,1479.75,460,20.9911422984832,1323.75,215,622,122,2162.25,1623,20.775000095367,54.425001144409,1.31944876728201
0.791666666666667,5.7,1625.75,642,26.879757941795,1476,281,555,135,2355.75,1786,19.800000190735,58.625,1.33922170613215
0.833333333333333,4.4,1449.25,501,19.4945971368116,1282.25,254,625,133,2099.5,1568.5,19.075000286102,61.075000762939,1.33449986171922
0.875,3.1,1362.5,234,15.1003513522124,1151.75,189,683.75,110,1951.25,1494.75,18.200000286102,65.350002288818,1.35288812590622
0.916666666666667,3,1371.25,212,14.59473877353,1135.75,174,689,102,1926.75,1471.25,18.074999809265,66.10000038147,1.35786885527209
0.958333333333333,3.1,1406.25,275,13.6971003824569,1106.75,167,718.25,108,1871.5,1383.75,17.699999809265,66.875,1.34221820106965
0,3.5,1424.5,275,15.1879919857219,1154.5,185,709.25,110,1935.75,1788.75,17.775000095367,66.750001907349,1.34595986420109
